3,0,0,0,1
3,0.00320601463318,0.0427302965745,0.00320601463318,1
3,0.00320601463318,0.0427302965745,0.935683965683,1
3,0.00320601463318,0.0427302965745,0.93618106842,1
3,0.00320601463318,0.0427302965745,0.936590909958,1
3,1.87674105167,0.0485123433394,3.75027608871,1
3,1.25190766652,0.0640247807502,0.00224089622498,1
3,1.25190766652,0.0640247807502,1.01177096367,1
3,1.25190766652,0.0640247807502,1.01191496849,1
3,1.25190766652,0.0640247807502,2.83004999161,1
3,1.25190766652,0.0640247807502,2.83724498749,1
3,1.25190766652,0.0640247807502,2.84436392784,1
3,1.25190766652,0.0640247807502,3.75351881981,1
3,0.939338505268,0.0762102617002,0.00163102149963,1
3,0.939338505268,0.0762102617002,0.949727058411,1
3,0.939338505268,0.0762102617002,0.957057952881,1
3,0.939338505268,0.0762102617002,0.9572660923,1
3,0.939338505268,0.0762102617002,0.957380056381,1
3,0.751697826385,0.0889039147424,0.0011351108551,1
3,0.626703182856,0.104925628531,0.00172996520996,1
3,0.626703182856,0.104925628531,0.00222587585449,1
3,0.626703182856,0.104925628531,0.0026319026947,1
3,0.626703182856,0.104925628531,0.00302696228027,1
3,0.626703182856,0.104925628531,1.87774586678,1
3,0.53726199695,0.108210795554,0.000614881515503,1
3,0.53726199695,0.108210795554,0.00283288955688,1
3,0.53726199695,0.108210795554,0.00331091880798,1
3,0.53726199695,0.108210795554,0.00383996963501,1
3,0.53726199695,0.108210795554,1.87762904167,1
3,0.53726199695,0.108210795554,1.87813591957,1
3,0.53726199695,0.108210795554,1.87868404388,1
3,0.587377607822,0.118508354818,0.938186883926,1
3,0.587377607822,0.118508354818,0.942147016525,1
3,0.587377607822,0.118508354818,0.949067831039,1
3,0.587377607822,0.118508354818,0.954878807068,1
3,1.35332131386,0.119991981279,7.48087096214,1
3,1.21803908348,0.124018389749,0.00049901008606,1
3,1.21803908348,0.124018389749,0.946172952652,1
3,1.21803908348,0.124018389749,0.95384311676,1
3,1.21803908348,0.124018389749,0.961807966232,1
3,1.21803908348,0.124018389749,0.970019102097,1
3,1.19309444861,0.123481138389,0.943648099899,1
3,1.09368608395,0.134705754376,0.000194072723389,1
3,1.09368608395,0.134705754376,0.000607967376709,1
3,1.09368608395,0.134705754376,1.87534117699,1
3,1.00958116238,0.142921608205,0.000322103500366,1
3,0.937490292958,0.152356401105,0.000308990478516,1
3,0.937490292958,0.152356401105,0.944896936417,1
3,0.937490292958,0.152356401105,0.945524930954,1
3,0.937490292958,0.152356401105,1.87677192688,1
3,0.875122086207,0.158382927772,0.00196719169617,1
3,0.875122086207,0.158382927772,0.00261116027832,1
3,0.875122086207,0.158382927772,0.00304913520813,1
3,0.875122086207,0.158382927772,12.1946229935,1
3,0.820478260517,0.149670787831,0.000820875167847,1
3,0.820478260517,0.149670787831,0.00246500968933,1
3,0.820478260517,0.149670787831,0.94230389595,1
3,0.820478260517,0.149670787831,1.87743186951,1
3,0.820478260517,0.149670787831,1.87800097466,1
3,0.820478260517,0.149670787831,1.87882590294,1
3,0.820478260517,0.149670787831,1.87922787666,1
3,0.826775298399,0.148595445721,0.92752790451,1
3,0.826775298399,0.148595445721,0.928220033646,1
3,0.826775298399,0.148595445721,0.930499076843,1
3,0.826775298399,0.148595445721,0.931205034256,1
3,0.826775298399,0.148595445721,2.80453395844,1
3,0.826775298399,0.148595445721,2.80505490303,1
3,0.826775298399,0.148595445721,2.80547189713,1
3,0.826775298399,0.148595445721,2.80586695671,1
3,0.780854278141,0.154794186191,0.000196933746338,1
3,0.780854278141,0.154794186191,0.94087100029,1
3,0.739761678796,0.114459769526,9.48905944824e-05,1
3,0.739761678796,0.114459769526,0.000204801559448,1
3,0.739761678796,0.114459769526,0.000569820404053,1
3,0.739761678796,0.114459769526,1.88367986679,1
3,0.739761678796,0.114459769526,1.88383078575,1
3,0.739761678796,0.114459769526,1.88409590721,1
3,0.702830445766,0.115786558192,0.00113701820374,1
3,0.702830445766,0.115786558192,1.70355415344,1
3,0.66937480654,0.120388862861,0.000262022018433,1
3,0.66937480654,0.120388862861,2.81884694099,1
3,0.724325364286,0.121542681062,1.87828707695,1
3,0.724325364286,0.121542681062,4.68960595131,1
3,0.724325364286,0.121542681062,4.6956949234,1
3,0.692864957063,0.12448896067,0.000735998153687,1
3,0.692864957063,0.12448896067,0.00151920318604,1
3,0.664019624392,0.126689842555,0.000576972961426,1
3,0.664019624392,0.126689842555,0.943305969238,1
3,0.664019624392,0.126689842555,0.943998098373,1
3,0.637472162247,0.130033004114,0.000333070755005,1
3,0.613022382443,0.133286940591,0.00177788734436,1
3,0.613022382443,0.133286940591,0.00247287750244,1
3,0.613022382443,0.133286940591,1.87918496132,1
3,0.590430930809,0.135158084183,0.00305318832397,1
3,0.569353784834,0.139516928211,0.000270843505859,1
3,0.569353784834,0.139516928211,0.00101280212402,1
3,0.569353784834,0.139516928211,0.951550006866,1
3,0.549753098652,0.143815292017,0.000933885574341,1
3,0.549753098652,0.143815292017,0.921697854996,1
3,0.656528727214,0.145403803266,3.75302195549,1
3,0.656528727214,0.145403803266,4.69351100922,1
3,0.635357126113,0.14956833463,0.000209093093872,1
3,0.635357126113,0.14956833463,0.000633001327515,1
3,0.635357126113,0.14956833463,0.932582139969,1
3,0.635357126113,0.14956833463,0.933115959167,1
3,0.635357126113,0.14956833463,0.933932065964,1
3,0.615507185459,0.153700366731,0.000159025192261,1
3,0.596891786113,0.138536118524,0.0011990070343,1
3,0.596891786113,0.138536118524,0.942903995514,1
3,0.596891786113,0.138536118524,0.943464040756,1
3,0.596891786113,0.138536118524,0.94389295578,1
3,0.596891786113,0.138536118524,1.87439894676,1
3,0.596891786113,0.138536118524,1.87453389168,1
3,0.596891786113,0.138536118524,1.87463212013,1
3,0.596891786113,0.138536118524,1.87470793724,1
3,0.579337288352,0.141620258921,3.88622283936e-05,1
3,0.579337288352,0.141620258921,0.000320911407471,1
3,0.579337288352,0.141620258921,0.945949077606,1
3,0.579337288352,0.141620258921,1.88071894646,1
3,0.579337288352,0.141620258921,1.88519001007,1
3,0.562822423662,0.143539078878,0.00131702423096,1
3,0.573385523425,0.14376990489,0.943094015121,1
3,0.573385523425,0.14376990489,0.943602085114,1
3,0.573385523425,0.14376990489,0.944082021713,1
3,0.573385523425,0.14376990489,2.81823396683,1
3,0.57991829434,0.140402509101,0.815098047256,1
3,0.57991829434,0.140402509101,0.815741062164,1
3,0.57991829434,0.140402509101,1.74763321877,1
3,0.57991829434,0.140402509101,1.74833106995,1
3,0.57991829434,0.140402509101,1.74875211716,1
3,0.57991829434,0.140402509101,1.74940109253,1
3,0.614033868438,0.141679205933,1.87631011009,1
3,0.598293047685,0.14540734913,0.000141859054565,1
3,0.598293047685,0.14540734913,0.00103998184204,1
3,0.598293047685,0.14540734913,0.941919803619,1
3,0.598293047685,0.14540734913,2.8172929287,1
3,0.598293047685,0.14540734913,2.81822180748,1
3,0.598293047685,0.14540734913,2.82005882263,1
3,0.598293047685,0.14540734913,2.82061100006,1
3,0.598293047685,0.14540734913,3.75789999962,1
3,0.598293047685,0.14540734913,3.76591587067,1
3,0.598293047685,0.14540734913,3.77189993858,1
3,0.598293047685,0.14540734913,3.77978587151,1
3,0.598293047685,0.14540734913,3.78339886665,1
3,0.598293047685,0.14540734913,3.78877186775,1
3,0.598293047685,0.14540734913,3.79029083252,1
3,0.598293047685,0.14540734913,3.79042482376,1
3,0.598293047685,0.14540734913,4.69453978539,1
3,0.598293047685,0.14540734913,4.69507479668,1
3,0.598293047685,0.14540734913,4.69549489021,1
3,0.598293047685,0.14540734913,4.69589686394,1
3,0.583381044865,0.143976937363,0.00181293487549,1
3,0.583381044865,0.143976937363,0.710397958755,1
3,0.583381044865,0.143976937363,0.711104869843,1
3,0.569155384855,0.145244846672,0.000128984451294,1
3,0.569155384855,0.145244846672,0.00101613998413,1
3,0.569155384855,0.145244846672,0.00125193595886,1
3,0.569155384855,0.145244846672,0.00147294998169,1
3,0.569155384855,0.145244846672,0.00168895721436,1
3,0.569155384855,0.145244846672,1.87478804588,1
3,0.569155384855,0.145244846672,1.87508106232,1
3,0.569155384855,0.145244846672,1.8752040863,1
3,0.55568537258,0.145876802091,0.00341486930847,1
3,0.55568537258,0.145876802091,0.0124399662018,1
3,0.55568537258,0.145876802091,0.01402592659,1
3,0.55568537258,0.145876802091,0.929445028305,1
3,0.55568537258,0.145876802091,0.931728839874,1
3,0.55568537258,0.145876802091,0.932293891907,1
3,0.55568537258,0.145876802091,1.88726091385,1
3,0.564653507499,0.144642477378,0.941315174103,1
3,0.564653507499,0.144642477378,0.943134069443,1
3,0.564653507499,0.144642477378,0.943690061569,1
3,0.551874247464,0.145707274534,0.002366065979,1
3,0.551874247464,0.145707274534,0.939478874207,1
3,0.551874247464,0.145707274534,0.940217018127,1
3,0.551874247464,0.145707274534,2.81305289268,1
3,0.551874247464,0.145707274534,2.81366491318,1
3,0.551874247464,0.145707274534,2.81410908699,1
3,0.539886331558,0.146271640243,0.0124180316925,1
3,0.539886331558,0.146271640243,0.90540599823,1
3,0.539886331558,0.146271640243,1.83488917351,1
3,0.539886331558,0.146271640243,3.71138811111,1
3,0.539886331558,0.146271640243,3.7119820118,1
3,0.539886331558,0.146271640243,3.71309399605,1
3,0.539886331558,0.146271640243,3.7138531208,1
3,0.539886331558,0.146271640243,3.71513700485,1
3,0.539886331558,0.146271640243,3.71588110924,1
3,0.539886331558,0.146271640243,3.71659517288,1
3,0.539886331558,0.146271640243,3.71782612801,1
3,0.539886331558,0.146271640243,4.65354704857,1
3,0.539886331558,0.146271640243,4.6540081501,1
3,0.539886331558,0.146271640243,4.65436005592,1
3,0.539886331558,0.146271640243,4.65485811234,1
3,0.539886331558,0.146271640243,4.65551114082,1
3,0.539886331558,0.146271640243,5.58675122261,1
3,0.539886331558,0.146271640243,5.58739900589,1
3,0.539886331558,0.146271640243,5.58838200569,1
3,0.539886331558,0.146271640243,6.52761912346,1
3,0.548403625903,0.145988106253,0.931681871414,1
3,0.548403625903,0.145988106253,0.932132959366,1
3,0.548403625903,0.145988106253,0.932214021683,1
3,0.548403625903,0.145988106253,3.75723195076,1
3,0.556866397249,0.146969832296,0.946153879166,1
3,0.556866397249,0.146969832296,0.947759866714,1
3,0.556866397249,0.146969832296,0.95054101944,1
3,0.556866397249,0.146969832296,0.953893899918,1
3,0.556866397249,0.146969832296,2.82542085648,1
3,0.545285244783,0.147082339973,0.000971078872681,1
3,0.545285244783,0.147082339973,0.00281691551208,1
3,0.545285244783,0.147082339973,0.943857908249,1
3,0.534174422829,0.148017187235,0.000854969024658,1
3,0.534174422829,0.148017187235,0.00138187408447,1
3,0.534174422829,0.148017187235,0.939806938171,1
3,0.534174422829,0.148017187235,0.943769931793,1
3,0.534174422829,0.148017187235,0.945912837982,1
3,0.534174422829,0.148017187235,1.87600684166,1
3,0.534174422829,0.148017187235,1.87653183937,1
3,0.534174422829,0.148017187235,1.87695598602,1
3,0.534174422829,0.148017187235,1.87736487389,1
3,0.523618073463,0.149764709308,0.00635695457458,1
3,0.523618073463,0.149764709308,0.940737009048,1
3,0.523618073463,0.149764709308,0.941395044327,1
3,0.523618073463,0.149764709308,2.8163189888,1
3,0.523618073463,0.149764709308,2.81774401665,1
3,0.523618073463,0.149764709308,2.81848192215,1
3,0.523618073463,0.149764709308,2.81890106201,1
3,0.513355072807,0.151483600905,0.000205039978027,1
3,0.539599166467,0.153176927953,1.87804794312,1
3,0.539599166467,0.153176927953,4.69625115395,1
3,0.539599166467,0.153176927953,5.62618708611,1
3,0.539599166467,0.153176927953,5.62735009193,1
3,0.539599166467,0.153176927953,5.6279129982,1
3,0.547014065509,0.152748558155,0.932588815689,1
3,0.547014065509,0.152748558155,0.933645009995,1
3,0.554131251794,0.154791923636,0.931342124939,1
3,0.554131251794,0.154791923636,0.931986093521,1
3,0.554131251794,0.154791923636,1.87610006332,1
3,0.554131251794,0.154791923636,2.80391812325,1
3,0.554131251794,0.154791923636,2.80443501472,1
3,0.554131251794,0.154791923636,3.75894808769,1
3,0.5440763907,0.155982955411,0.00111389160156,1
3,0.5440763907,0.155982955411,0.943207025528,1
3,0.5440763907,0.155982955411,0.94386100769,1
3,0.5440763907,0.155982955411,0.94429898262,1
3,0.5440763907,0.155982955411,1.87491202354,1
3,0.5440763907,0.155982955411,1.87578487396,1
3,0.534372614963,0.15351020604,0.000664949417114,1
3,0.534372614963,0.15351020604,0.00298190116882,1
3,0.534372614963,0.15351020604,0.00348496437073,1
3,0.534372614963,0.15351020604,0.00431609153748,1
3,0.534372614963,0.15351020604,1.87551689148,1
3,0.534372614963,0.15351020604,1.87697911263,1
3,0.541333411869,0.155057988304,0.931138038635,1
3,0.532005992429,0.157374118774,0.000343084335327,1
3,0.538890773967,0.149088209844,0.93820810318,1
3,0.538890773967,0.149088209844,0.95325422287,1
3,0.529961995284,0.151606326195,0.00316405296326,1
3,0.529961995284,0.151606326195,1.84911394119,1
3,0.529961995284,0.151606326195,1.85012793541,1
3,0.529961995284,0.151606326195,1.85086083412,1
3,0.521290470342,0.153053894795,0.000998973846436,1
3,0.521290470342,0.153053894795,0.933667182922,1
3,0.521290470342,0.153053894795,1.87449598312,1
3,0.521290470342,0.153053894795,1.87522315979,1
3,0.521290470342,0.153053894795,2.80793809891,1
3,0.528185575239,0.15268719438,0.948786973953,1
3,0.528185575239,0.15268719438,0.96174788475,1
3,0.528185575239,0.15268719438,0.969388961792,1
3,0.528185575239,0.15268719438,2.81746506691,1
3,0.519816901949,0.152338344566,0.000959157943726,1
3,0.519816901949,0.152338344566,0.933257102966,1
3,0.519816901949,0.152338344566,0.933773040771,1
3,0.519816901949,0.152338344566,0.934198141098,1
3,0.519816901949,0.152338344566,0.934607982635,1
3,0.519816901949,0.152338344566,2.80868601799,1
3,0,0,0,1
3,0,0,0,1
3,0,0,0,1
3,1.87655496597,0.0246595247966,1.87655496597,1
3,1.87655496597,0.0246595247966,1.87734007835,1
3,1.87655496597,0.0246595247966,1.87786507607,1
3,1.87655496597,0.0246595247966,3.75154399872,1
3,0.938376426697,0.0471387633534,0.000197887420654,1
3,0.625696579615,0.0677175621783,0.000336885452271,1
3,0.625696579615,0.0677175621783,0.00085186958313,1
3,0.625696579615,0.0677175621783,0.00164389610291,1
3,0.469828665257,0.0732453746744,0.00222492218018,1
3,0.751488542557,0.0830069750412,1.87812805176,1
3,0.751488542557,0.0830069750412,3.79058003426,1
3,0.626296798388,0.0850430122252,0.000338077545166,1
3,0.626296798388,0.0850430122252,0.0015070438385,1
3,0.626296798388,0.0850430122252,0.00215005874634,1
3,0.626296798388,0.0850430122252,0.00254201889038,1
3,0.626296798388,0.0850430122252,1.87623500824,1
3,0.626296798388,0.0850430122252,1.87673616409,1
3,0.626296798388,0.0850430122252,1.87719416618,1
3,2.54468723706,0.0809390063702,14.0550298691,1
3,2.22665572166,0.0925007385298,0.00043511390686,1
3,2.22665572166,0.0925007385298,0.000895023345947,1
3,1.97927631272,0.093887381814,0.000241041183472,1
3,1.97927631272,0.093887381814,0.000739097595215,1
3,1.97927631272,0.093887381814,0.000916957855225,1
3,1.97927631272,0.093887381814,1.88164710999,1
3,1.97927631272,0.093887381814,1.88848805428,1
3,1.78144319057,0.0985332032417,0.000945091247559,1
3,1.78144319057,0.0985332032417,18.7496170998,1
3,1.61956717751,0.0914847987333,0.000807046890259,1
3,1.61956717751,0.0914847987333,1.8748319149,1
3,1.61956717751,0.0914847987333,1.87568593025,1
3,1.61956717751,0.0914847987333,1.87623286247,1
3,1.48461949825,0.0982684180039,0.000195026397705,1
3,1.48461949825,0.0982684180039,1.87213110924,1
3,1.37042239996,0.104849963293,5.72204589844e-05,1
3,1.37042239996,0.104849963293,0.000191211700439,1
3,1.37042239996,0.104849963293,1.87467908859,1
3,1.37042239996,0.104849963293,3.76601099968,1
3,1.27262786457,0.109583781171,0.00129890441895,1
3,1.31268841426,0.103724919557,1.87353610992,1
3,1.31268841426,0.103724919557,4.73596310616,1
3,1.31268841426,0.103724919557,4.76174497604,1
3,1.23074644804,0.107160433513,0.00161695480347,1
3,1.15836429596,0.108411942285,0.000249862670898,1
3,1.15836429596,0.108411942285,0.000890970230103,1
3,1.15836429596,0.108411942285,1.87535500526,1
3,1.15836429596,0.108411942285,1.87674593925,1
3,1.09402255217,0.0896109924574,0.000212907791138,1
3,1.09402255217,0.0896109924574,0.000727891921997,1
3,1.09402255217,0.0896109924574,0.00117778778076,1
3,1.09402255217,0.0896109924574,3.74922299385,1
3,1.33250541436,0.0903714237969,5.62519693375,1
3,1.54714163542,0.0899129345629,5.62522983551,1
3,1.54714163542,0.0899129345629,7.50088095665,1
3,1.54714163542,0.0899129345629,7.50172686577,1
3,1.54714163542,0.0899129345629,7.50223302841,1
3,2.0535145033,0.0887963817253,12.1809718609,1
3,2.0535145033,0.0887963817253,12.1816208363,1
3,2.0535145033,0.0887963817253,12.1820659637,1
3,2.21582643552,0.090165879308,5.62437701225,1
3,2.11960776992,0.0928363796613,0.00279712677002,1
3,2.11960776992,0.0928363796613,0.00467395782471,1
3,2.11960776992,0.0928363796613,0.0066339969635,1
3,2.03142819802,0.096143918619,0.00329804420471,1
3,2.03142819802,0.096143918619,0.00556397438049,1
3,2.03142819802,0.096143918619,0.00833487510681,1
3,2.03142819802,0.096143918619,1.87502193451,1
3,2.03142819802,0.096143918619,5.62376189232,1
3,2.03142819802,0.096143918619,5.6242620945,1
3,2.03142819802,0.096143918619,5.62480306625,1
3,2.03142819802,0.096143918619,5.62519407272,1
3,2.03142819802,0.096143918619,5.62557697296,1
3,2.03142819802,0.096143918619,5.62597894669,1
3,2.03142819802,0.096143918619,5.6264538765,1
3,2.03142819802,0.096143918619,5.62689399719,1
3,2.03142819802,0.096143918619,7.5005710125,1
3,2.03142819802,0.096143918619,7.50108289719,1
3,1.95020506859,0.0888105963789,0.000849962234497,1
3,1.95020506859,0.0888105963789,0.00170111656189,1
3,1.95020506859,0.0888105963789,0.00211501121521,1
3,1.95020506859,0.0888105963789,1.87678217888,1
3,1.95020506859,0.0888105963789,1.87763810158,1
3,1.95020506859,0.0888105963789,1.87820315361,1
3,1.87520857041,0.0917509158563,0.000296115875244,1
3,1.87512781002,0.0928237367795,1.87302803993,1
3,1.87512781002,0.0928237367795,1.87366509438,1
3,1.87511849403,0.0956447187125,1.87486696243,1
3,1.93976140844,0.0971931171028,3.74976301193,1
3,1.96903565725,0.0996037468005,2.81798887253,1
3,1.96903565725,0.0996037468005,3.75482392311,1
3,1.90559585633,0.100730899249,0.00240182876587,1
3,1.90559585633,0.100730899249,0.00816583633423,1
3,1.84639717638,0.103347128987,0.0112380981445,1
3,1.84639717638,0.103347128987,0.0243089199066,1
3,1.84639717638,0.103347128987,0.0277400016785,1
3,1.79048453678,0.102245618707,0.0012800693512,1
3,1.79048453678,0.102245618707,1.87547111511,1
3,1.79048453678,0.102245618707,1.87606215477,1
3,1.79048453678,0.102245618707,1.87649416924,1
3,1.79048453678,0.102245618707,1.87709307671,1
3,1.79048453678,0.102245618707,1.87767601013,1
3,1.79048453678,0.102245618707,3.74967718124,1
3,1.79048453678,0.102245618707,3.75028419495,1
3,1.79048453678,0.102245618707,3.75087308884,1
3,1.79048453678,0.102245618707,3.75140810013,1
3,1.79048453678,0.102245618707,3.7518081665,1
3,1.79048453678,0.102245618707,3.75220108032,1
3,1.79048453678,0.102245618707,3.75258517265,1
3,1.79048453678,0.102245618707,3.75296807289,1
3,1.79048453678,0.102245618707,3.75334811211,1
3,1.79048453678,0.102245618707,3.75429821014,1
3,1.79048453678,0.102245618707,3.75473618507,1
3,1.79048453678,0.102245618707,3.75524902344,1
3,1.7929872625,0.099560177688,1.87557721138,1
3,1.7929872625,0.099560177688,1.8764321804,1
3,1.82108447892,0.096400019546,2.77638983727,1
3,1.82108447892,0.096400019546,2.77677583694,1
3,1.82108447892,0.096400019546,2.778028965,1
3,1.77064827416,0.0983898407162,0.00538110733032,1
3,1.72298764538,0.100608985138,0.00720500946045,1
3,1.72298764538,0.100608985138,2.81985092163,1
3,1.72298764538,0.100608985138,2.82053399086,1
3,1.67765181316,0.101264451907,0.000226020812988,1
3,1.67765181316,0.101264451907,0.00111699104309,1
3,1.63463745973,0.103155168819,9.20295715332e-05,1
3,1.63463745973,0.103155168819,8.43355298042,1
3,1.59379217029,0.103491275899,0.000825881958008,1
3,1.59379217029,0.103491275899,1.87472081184,1
3,1.59379217029,0.103491275899,3.74877691269,1
3,1.55492151074,0.0975596598196,9.51290130615e-05,1
3,1.56277447655,0.0986168773974,1.88474607468,1
3,1.56277447655,0.0986168773974,1.88714599609,1
3,1.87531618739,0.0967088344435,15.0020680428,1
4,0.00136590003967,0.0783326550847,0.00136590003967,1
4,0.00136590003967,0.0783326550847,0.00192403793335,1
4,0.00136590003967,0.0783326550847,1.00451683998,1
4,0.00136590003967,0.0783326550847,1.00471186638,1
4,0.00136590003967,0.0783326550847,1.00482106209,1
4,0.00136590003967,0.0783326550847,1.00492596626,1
4,4.6949955225,0.086361983056,9.38862514496,1
4,3.13070034981,0.124855863549,0.00211000442505,1
4,3.13070034981,0.124855863549,15.0879318714,1
4,3.13070034981,0.124855863549,15.0885748863,1
4,2.55603098869,0.100133513014,0.83202290535,1
4,2.55603098869,0.100133513014,0.832208871841,1
4,2.55603098869,0.100133513014,0.832322835922,1
4,3.17133440971,0.107471791135,5.6325480938,1
4,2.64344167709,0.126412102277,0.00397801399231,1
4,2.64344167709,0.126412102277,5.62476301193,1
4,2.64344167709,0.126412102277,5.6253080368,1
4,2.64344167709,0.126412102277,5.62571597099,1
4,2.64344167709,0.126412102277,5.62623906136,1
4,2.64344167709,0.126412102277,5.62662005424,1
4,2.64344167709,0.126412102277,5.62699913979,1
4,3.33823387963,0.108787996877,7.50698709488,1
4,3.33823387963,0.108787996877,7.50774598122,1
4,3.33823387963,0.108787996877,7.5082321167,1
4,3.33823387963,0.108787996877,7.50862908363,1
4,3.33823387963,0.108787996877,7.50910496712,1
4,3.33823387963,0.108787996877,7.5096950531,1
4,3.33823387963,0.108787996877,7.51021718979,1
4,2.92109000683,0.0996243577071,0.00108289718628,1
4,2.92109000683,0.0996243577071,0.00159192085266,1
4,2.92109000683,0.0996243577071,0.931493997574,1
4,3.01344034407,0.101422430451,3.75224304199,1
4,3.01344034407,0.101422430451,3.75308918953,1
4,3.01344034407,0.101422430451,3.75365614891,1
4,3.01344034407,0.101422430451,3.75406599045,1
4,3.01344034407,0.101422430451,3.75472402573,1
4,3.01344034407,0.101422430451,3.75510811806,1
4,3.01344034407,0.101422430451,3.75553011894,1
4,4.11993322372,0.0938356657506,14.0783691406,1
4,4.11993322372,0.0938356657506,14.0788772106,1
4,4.11993322372,0.0938356657506,14.0792880058,1
4,4.11993322372,0.0938356657506,14.0796830654,1
4,4.11993322372,0.0938356657506,15.0083580017,1
4,4.11993322372,0.0938356657506,15.0085391998,1
4,4.11993322372,0.0938356657506,15.0107860565,1
4,8.43491875042,0.0664021278504,51.5847740173,1
4,8.43491875042,0.0664021278504,51.5849270821,1
4,8.43491875042,0.0664021278504,51.5850582123,1
4,8.43491875042,0.0664021278504,51.5852131844,1
4,8.43491875042,0.0664021278504,51.5853760242,1
4,8.43491875042,0.0664021278504,51.5856051445,1
4,7.73211526871,0.0693005919645,0.00127696990967,1
4,7.73211526871,0.0693005919645,0.00202608108521,1
4,7.73211526871,0.0693005919645,0.00244998931885,1
4,7.57012833082,0.0723319598027,5.62628507614,1
4,7.57012833082,0.0723319598027,5.62643194199,1
4,7.57012833082,0.0723319598027,5.62654089928,1
4,7.57012833082,0.0723319598027,5.62664604187,1
4,7.57012833082,0.0723319598027,6.55929398537,1
4,7.57012833082,0.0723319598027,6.55998206139,1
4,7.57012833082,0.0723319598027,6.56251502037,1
4,7.36485251359,0.0718929086726,4.69626688957,1
4,7.36485251359,0.0718929086726,4.69678092003,1
4,7.36485251359,0.0718929086726,4.69720196724,1
4,7.36485251359,0.0718929086726,4.69760608673,1
4,7.36485251359,0.0718929086726,4.69813108444,1
4,7.36485251359,0.0718929086726,4.69851994514,1
4,7.36485251359,0.0718929086726,4.69890403748,1
4,8.87415348689,0.0630594182037,30.0043671131,1
4,8.87415348689,0.0630594182037,30.0045061111,1
4,8.87415348689,0.0630594182037,30.0046150684,1
4,8.87415348689,0.0630594182037,30.0047199726,1
4,8.87415348689,0.0630594182037,30.0048241615,1
4,8.87415348689,0.0630594182037,30.936809063,1
4,8.87415348689,0.0630594182037,30.9374790192,1
4,8.31958901882,0.0664783614154,0.00112199783325,1
4,8.32613107737,0.0679849021566,8.43080401421,1
4,8.32613107737,0.0679849021566,8.43096184731,1
4,8.32613107737,0.0679849021566,8.43111491203,1
4,8.32613107737,0.0679849021566,8.43125987053,1
4,8.32613107737,0.0679849021566,8.43136405945,1
4,7.86362024148,0.068635590163,0.000936031341553,1
4,7.86362024148,0.068635590163,0.00147604942322,1
4,7.44975765128,0.072192453592,0.000231027603149,1
4,7.44975765128,0.072192453592,0.000735998153687,1
4,7.44975765128,0.072192453592,3.75135993958,1
4,7.44975765128,0.072192453592,3.75202798843,1
4,7.07732367516,0.0749235868075,0.0010781288147,1
4,7.07732367516,0.0749235868075,0.0015070438385,1
4,7.07732367516,0.0749235868075,0.9487221241,1
4,7.07732367516,0.0749235868075,0.971220016479,1
4,7.07732367516,0.0749235868075,0.971404075623,1
4,7.07732367516,0.0749235868075,0.971562147141,1
4,7.07732367516,0.0749235868075,0.971789121628,1
4,7.07732367516,0.0749235868075,0.971899986267,1
4,7.07732367516,0.0749235868075,0.97200512886,1
4,6.92604698454,0.0772597727134,3.90051317215,1
4,6.92604698454,0.0772597727134,9.3480629921,1
4,6.7821609432,0.0780285950251,3.76055407524,1
4,6.7821609432,0.0780285950251,3.76179289818,1
4,6.7821609432,0.0780285950251,3.76194095612,1
4,6.7821609432,0.0780285950251,3.76205801964,1
4,6.7821609432,0.0780285950251,3.76216602325,1
4,6.48728685794,0.0815748216424,5.69820404053e-05,1
4,6.56844245394,0.080823617694,8.43502116203,1
4,6.56844245394,0.080823617694,8.43555521965,1
4,6.56844245394,0.080823617694,8.43597507477,1
4,6.56844245394,0.080823617694,8.43637800217,1
4,6.56844245394,0.080823617694,8.43693709373,1
4,6.56844245394,0.080823617694,8.43733906746,1
4,6.3425346756,0.0826261416621,0.920747995377,1
4,6.3425346756,0.0826261416621,0.921305894852,1
4,6.27917541907,0.0846177753056,4.69519400597,1
4,6.27917541907,0.0846177753056,4.6957051754,1
4,6.27917541907,0.0846177753056,4.69622612,1
4,6.08097674229,0.0876073415498,0.927811145782,1
4,6.08097674229,0.0876073415498,0.928040981293,1
4,5.86380142825,0.0908519370868,6.79492950439e-05,1
4,5.82308169069,0.090781801737,4.682929039,1
4,5.82308169069,0.090781801737,4.68344402313,1
4,5.82308169069,0.090781801737,4.68399214745,1
4,5.82308169069,0.090781801737,4.68445611,1
4,5.82308169069,0.090781801737,4.6848731041,1
4,5.62899036407,0.0917577744194,0.000341892242432,1
4,5.62899036407,0.0917577744194,4.70057702065,1
4,5.62899036407,0.0917577744194,4.70949697495,1
4,5.62899036407,0.0917577744194,4.72395992279,1
4,5.62899036407,0.0917577744194,4.73346090317,1
4,5.62899036407,0.0917577744194,4.73419189453,1
4,5.62899036407,0.0917577744194,4.74581003189,1
4,5.62899036407,0.0917577744194,4.75896286964,1
4,5.62899036407,0.0917577744194,4.76645684242,1
4,5.44800051566,0.0934480469202,0.0183050632477,1
4,5.30683828145,0.0956797157476,0.930809020996,1
4,5.30683828145,0.0956797157476,0.931668996811,1
4,5.30683828145,0.0956797157476,0.932897806168,1
4,5.25956048387,0.0975758010829,3.74667096138,1
4,5.25956048387,0.0975758010829,3.74678397179,1
4,5.25956048387,0.0975758010829,3.74688506126,1
4,5.10487550146,0.100532468699,0.000271081924438,1
4,5.10487550146,0.100532468699,0.00034499168396,1
4,5.10487550146,0.100532468699,0.000415086746216,1
4,5.10487550146,0.100532468699,0.942990064621,1
4,5.09280422756,0.0990935729665,4.68238091469,1
4,5.09280422756,0.0990935729665,4.68293499947,1
4,5.09280422756,0.0990935729665,4.68364191055,1
4,5.09280422756,0.0990935729665,4.68404984474,1
4,5.78482172224,0.0912640960084,30.0054340363,1
4,5.78482172224,0.0912640960084,30.0059449673,1
4,5.78482172224,0.0912640960084,30.0063700676,1
4,5.78482172224,0.0912640960084,30.9467680454,1
4,5.78482172224,0.0912640960084,30.9473199844,1
4,5.78482172224,0.0912640960084,30.9480190277,1
4,5.78482172224,0.0912640960084,30.948554039,1
4,5.78482172224,0.0912640960084,30.9489500523,1
4,5.62850334838,0.0926964520668,0.00104188919067,1
4,5.62850334838,0.0926964520668,0.00161409378052,1
4,5.62850334838,0.0926964520668,0.0021059513092,1
4,5.62944360156,0.0936541391877,5.66423296928,1
4,5.62944360156,0.0936541391877,5.67441296577,1
4,5.62944360156,0.0936541391877,5.69648599625,1
4,5.62944360156,0.0936541391877,5.71937179565,1
4,5.62944360156,0.0936541391877,5.73446798325,1
4,5.48512363434,0.094382495457,0.000964879989624,1
4,5.48512363434,0.094382495457,0.00152087211609,1
4,5.48512363434,0.094382495457,0.00196695327759,1
4,5.69932799339,0.0934118508228,14.0532979965,1
4,5.69932799339,0.0934118508228,14.0534498692,1
4,5.69932799339,0.0934118508228,14.0535609722,1
4,0,0,0,1
4,10.0792889595,0.041780206242,10.0792889595,1
4,10.0792889595,0.041780206242,10.0801050663,1
4,10.0792889595,0.041780206242,10.0805160999,1
4,10.0792889595,0.041780206242,25.3208200932,1
4,10.0792889595,0.041780206242,25.3213989735,1
4,10.0792889595,0.041780206242,25.3219959736,1
4,10.0792889595,0.041780206242,25.3225269318,1
4,10.0792889595,0.041780206242,25.3229079247,1
4,12.0679419041,0.0362915291089,14.0565948486,1
4,12.0679419041,0.0362915291089,14.0571258068,1
4,12.0679419041,0.0362915291089,14.0577409267,1
4,12.0679419041,0.0362915291089,14.058385849,1
4,12.0679419041,0.0362915291089,14.0588579178,1
4,12.0679419041,0.0362915291089,14.0593488216,1
4,12.0679419041,0.0362915291089,19.6812968254,1
4,12.0679419041,0.0362915291089,30.0006868839,1
4,12.0679419041,0.0362915291089,30.0012328625,1
4,12.0679419041,0.0362915291089,30.0016498566,1
4,12.0679419041,0.0362915291089,30.002052784,1
4,12.0679419041,0.0362915291089,30.0024399757,1
4,12.0679419041,0.0362915291089,30.0030918121,1
4,12.0679419041,0.0362915291089,30.0034708977,1
4,12.0679419041,0.0362915291089,30.0038437843,1
4,13.35501194,0.0344883132602,15.9291520119,1
4,13.35501194,0.0344883132602,15.92968297,1
4,15.1725456715,0.0331293888322,20.6251468658,1
4,15.1725456715,0.0331293888322,20.6259608269,1
4,15.1725456715,0.0331293888322,20.62687397,1
4,12.1382929325,0.0407777551329,0.00128197669983,1
4,12.1382929325,0.0407777551329,0.00186896324158,1
4,12.1382929325,0.0407777551329,7.50018596649,1
4,12.1382929325,0.0407777551329,7.50076699257,1
4,12.1382929325,0.0407777551329,7.50120210648,1
4,11.2105741103,0.0400497565129,6.57197999954,1
4,11.2105741103,0.0400497565129,6.57220816612,1
4,11.2105741103,0.0400497565129,6.57232499123,1
4,11.2105741103,0.0400497565129,6.57509803772,1
4,11.2105741103,0.0400497565129,6.58085799217,1
4,11.2105741103,0.0400497565129,6.58370399475,1
4,11.2105741103,0.0400497565129,6.58864307404,1
4,11.2105741103,0.0400497565129,6.59004306793,1
4,11.2105741103,0.0400497565129,67.5042080879,1
4,11.2105741103,0.0400497565129,67.5050010681,1
4,11.2105741103,0.0400497565129,67.5054550171,1
4,10.1451552255,0.0316647262292,3.75264191628,1
4,9.34595996141,0.0322256860147,3.75159311295,1
4,8.30762018098,0.0362536318712,0.000901937484741,1
4,8.30762018098,0.0362536318712,6.34828591347,1
4,8.30762018098,0.0362536318712,6.34878993034,1
4,8.30762018098,0.0362536318712,6.34926509857,1
4,8.30762018098,0.0362536318712,6.3496670723,1
4,8.30762018098,0.0362536318712,6.35006904602,1
4,8.30762018098,0.0362536318712,6.3505859375,1
4,8.30762018098,0.0362536318712,6.35096693039,1
4,8.30762018098,0.0362536318712,6.35137605667,1
4,8.22667665482,0.0345419912322,7.49818491936,1
4,8.22667665482,0.0345419912322,7.49868893623,1
4,8.22667665482,0.0345419912322,7.499106884,1
4,8.22667665482,0.0345419912322,7.49950289726,1
4,8.22667665482,0.0345419912322,7.49989390373,1
4,8.22667665482,0.0345419912322,7.50041294098,1
4,8.22667665482,0.0345419912322,7.50082087517,1
4,8.22667665482,0.0345419912322,16.8737769127,1
4,8.22667665482,0.0345419912322,16.8742740154,1
4,8.22667665482,0.0345419912322,16.8746848106,1
4,8.22667665482,0.0345419912322,16.8750729561,1
4,8.22667665482,0.0345419912322,16.8754589558,1
4,8.22667665482,0.0345419912322,16.8759999275,1
4,8.22667665482,0.0345419912322,16.8763818741,1
4,8.22667665482,0.0345419912322,16.8767819405,1
4,7.4789018631,0.0356849269901,0.00115394592285,1
4,7.4789018631,0.0356849269901,11.2509758472,1
4,7.4789018631,0.0356849269901,11.2515120506,1
4,7.4789018631,0.0356849269901,11.2524399757,1
4,7.4789018631,0.0356849269901,11.2528300285,1
4,7.4789018631,0.0356849269901,11.2533099651,1
4,6.85576212406,0.0371222755038,0.00122499465942,1
4,6.85576212406,0.0371222755038,3.75123500824,1
4,6.85576212406,0.0371222755038,3.75172185898,1
4,6.85576212406,0.0371222755038,11.24958992,1
4,6.85576212406,0.0371222755038,11.2501969337,1
4,7.6266943308,0.0364138301163,16.8778808117,1
4,7.42141744069,0.0386994170928,4.75281786919,1
4,7.42141744069,0.0386994170928,4.75478792191,1
4,7.42141744069,0.0386994170928,4.76055598259,1
4,7.42141744069,0.0386994170928,4.76227903366,1
4,7.42141744069,0.0386994170928,4.76434803009,1
4,7.42141744069,0.0386994170928,11.2465889454,1
4,9.17671287855,0.0356497243167,33.7508490086,1
4,9.17671287855,0.0356497243167,33.751543045,1
4,9.17671287855,0.0356497243167,33.7519929409,1
4,9.17671287855,0.0356497243167,33.7523970604,1
4,9.17671287855,0.0356497243167,33.7527918816,1
4,9.17671287855,0.0356497243167,33.7531778812,1
4,9.17671287855,0.0356497243167,33.75415802,1
4,8.60318057239,0.0380260212383,0.000195980072021,1
4,8.20730077519,0.0398700183987,1.87322402,1
4,8.20730077519,0.0398700183987,30.0033810139,1
4,8.20730077519,0.0398700183987,30.0041790009,1
5,1.88039112091,0.0215617149151,1.88039112091,1
5,1.88039112091,0.0215617149151,1.88105511665,1
5,1.88039112091,0.0215617149151,1.88147091866,1
5,1.88039112091,0.0215617149151,1.8820168972,1
5,1.88039112091,0.0215617149151,1.88245201111,1
5,1.88039112091,0.0215617149151,1.88285899162,1
5,1.88039112091,0.0215617149151,1.88327598572,1
5,1.88039112091,0.0215617149151,1.88370394707,1
5,1.88039112091,0.0215617149151,2.81454706192,1
5,1.88039112091,0.0215617149151,2.81508803368,1
5,1.88039112091,0.0215617149151,2.81547403336,1
5,1.88039112091,0.0215617149151,2.81583499908,1
5,1.40762758255,0.0233145720681,0.934864044189,1
5,1.40762758255,0.0233145720681,0.9429500103,1
5,1.40762758255,0.0233145720681,0.945220947266,1
5,1.40762758255,0.0233145720681,1.87596392632,1
5,1.40762758255,0.0233145720681,1.87669205666,1
5,1.40762758255,0.0233145720681,1.8770980835,1
5,1.40762758255,0.0233145720681,1.87745499611,1
5,1.40762758255,0.0233145720681,1.87783193588,1
5,1.40762758255,0.0233145720681,1.87818598747,1
5,1.40762758255,0.0233145720681,1.8785340786,1
5,1.40762758255,0.0233145720681,1.87887597084,1
5,1.40762758255,0.0233145720681,1.87922000885,1
5,1.40762758255,0.0233145720681,1.87956905365,1
5,1.40762758255,0.0233145720681,1.87998914719,1
5,2.56760470072,0.0244769386263,4.88755893707,1
5,2.56760470072,0.0244769386263,4.88827204704,1
5,2.56760470072,0.0244769386263,4.88869309425,1
5,2.56760470072,0.0244769386263,4.88919305801,1
5,2.56760470072,0.0244769386263,4.88956093788,1
5,2.56760470072,0.0244769386263,4.88991999626,1
5,2.56760470072,0.0244769386263,4.89055299759,1
5,2.56760470072,0.0244769386263,4.89094090462,1
5,2.56760470072,0.0244769386263,4.89129400253,1
5,2.56760470072,0.0244769386263,4.89175391197,1
5,2.56760470072,0.0244769386263,4.89225697517,1
5,2.56760470072,0.0244769386263,4.89295697212,1
5,2.15901350975,0.0213809678324,0.933239936829,1
5,2.15901350975,0.0213809678324,0.933733940125,1
5,2.15901350975,0.0213809678324,0.934157848358,1
5,2.15901350975,0.0213809678324,0.93452000618,1
5,2.15901350975,0.0213809678324,0.935092926025,1
5,2.15901350975,0.0213809678324,0.93544793129,1
5,2.15901350975,0.0213809678324,0.935853004456,1
5,2.15901350975,0.0213809678324,0.936211824417,1
5,2.15901350975,0.0213809678324,0.936560869217,1
5,2.15901350975,0.0213809678324,0.936914920807,1
5,2.15901350975,0.0213809678324,0.937261819839,1
5,2.15901350975,0.0213809678324,0.937608957291,1
5,2.15901350975,0.0213809678324,1.87560081482,1
5,2.15901350975,0.0213809678324,1.87579798698,1
5,2.15901350975,0.0213809678324,1.87588596344,1
5,2.15901350975,0.0213809678324,1.87596178055,1
5,2.15901350975,0.0213809678324,1.87606501579,1
5,2.15901350975,0.0213809678324,1.87625598907,1
5,2.15901350975,0.0213809678324,1.87634897232,1
5,1.91633725166,0.0204671499078,0.945632219315,1
5,1.91633725166,0.0204671499078,1.87552213669,1
5,1.91633725166,0.0204671499078,1.87605714798,1
5,1.91633725166,0.0204671499078,1.87648916245,1
5,1.91633725166,0.0204671499078,1.87687206268,1
5,1.91633725166,0.0204671499078,1.87723302841,1
5,1.91633725166,0.0204671499078,1.87758922577,1
5,1.91633725166,0.0204671499078,1.87815523148,1
5,1.91633725166,0.0204671499078,1.87858819962,1
5,1.91633725166,0.0204671499078,1.87894201279,1
5,1.91633725166,0.0204671499078,1.87930321693,1
5,1.91633725166,0.0204671499078,1.87976503372,1
5,1.91633725166,0.0204671499078,1.88012218475,1
5,1.91633725166,0.0204671499078,1.88049411774,1
5,1.91633725166,0.0204671499078,1.88097906113,1
5,1.91633725166,0.0204671499078,1.88133907318,1
5,1.91633725166,0.0204671499078,2.82040309906,1
5,1.91633725166,0.0204671499078,26.4482421875,1
5,1.91633725166,0.0204671499078,26.4516060352,1
5,1.91633725166,0.0204671499078,26.4583351612,1
5,1.91633725166,0.0204671499078,26.4659061432,1
5,1.91633725166,0.0204671499078,26.4730520248,1
5,1.91633725166,0.0204671499078,26.4820861816,1
5,1.91633725166,0.0204671499078,26.4879980087,1
5,1.91633725166,0.0204671499078,26.4948251247,1
5,1.91633725166,0.0204671499078,26.5022711754,1
5,1.91633725166,0.0204671499078,26.5062940121,1
5,1.91633725166,0.0204671499078,26.514108181,1
5,1.91633725166,0.0204671499078,26.5210001469,1
5,1.91633725166,0.0204671499078,26.5292680264,1
5,1.91633725166,0.0204671499078,26.5390450954,1
5,1.91633725166,0.0204671499078,26.5517230034,1
5,1.91633725166,0.0204671499078,26.5559511185,1
5,1.91633725166,0.0204671499078,27.199349165,1
5,1.91633725166,0.0204671499078,27.1998910904,1
5,1.91633725166,0.0204671499078,27.20028615,1
5,1.91633725166,0.0204671499078,27.2008070946,1
5,1.91633725166,0.0204671499078,27.2011780739,1
5,1.91633725166,0.0204671499078,27.2015430927,1
5,1.91633725166,0.0204671499078,27.2018940449,1
5,1.91633725166,0.0204671499078,27.2022390366,1
5,1.91633725166,0.0204671499078,27.2025821209,1
5,1.7525031964,0.0216523538353,0.933332920074,1
5,1.7525031964,0.0216523538353,0.93385887146,1
5,1.7525031964,0.0216523538353,0.934248924255,1
5,1.7525031964,0.0216523538353,0.93461894989,1
5,1.7525031964,0.0216523538353,0.934978961945,1
5,1.7525031964,0.0216523538353,0.93533205986,1
5,1.7525031964,0.0216523538353,0.935684919357,1
5,1.7525031964,0.0216523538353,0.936813831329,1
5,1.7525031964,0.0216523538353,0.937171936035,1
5,1.7525031964,0.0216523538353,0.937522888184,1
5,1.7525031964,0.0216523538353,0.937870025635,1
5,1.7525031964,0.0216523538353,1.87563991547,1
5,1.7525031964,0.0216523538353,1.87625002861,1
5,1.7525031964,0.0216523538353,1.87635493279,1
5,1.7525031964,0.0216523538353,32.8148579597,1
5,1.7525031964,0.0216523538353,32.8153560162,1
5,1.7525031964,0.0216523538353,32.815778017,1
5,1.7525031964,0.0216523538353,32.8161919117,1
5,1.7525031964,0.0216523538353,32.8165588379,1
5,1.7525031964,0.0216523538353,32.8170199394,1
5,1.7525031964,0.0216523538353,32.8173849583,1
5,1.7525031964,0.0216523538353,32.8177349567,1
5,1.7525031964,0.0216523538353,32.8180818558,1
5,1.7525031964,0.0216523538353,32.8184299469,1
5,1.7525031964,0.0216523538353,32.8187749386,1
5,1.7525031964,0.0216523538353,33.7677140236,1
5,1.7525031964,0.0216523538353,33.7743928432,1
5,1.7525031964,0.0216523538353,33.7815730572,1
5,1.7525031964,0.0216523538353,33.7893939018,1
5,1.7525031964,0.0216523538353,33.7950339317,1
5,1.7525031964,0.0216523538353,33.7987658978,1
5,1.7525031964,0.0216523538353,33.8037250042,1
5,1.7525031964,0.0216523538353,33.8119299412,1
5,1.7525031964,0.0216523538353,33.8166530132,1
5,1.7525031964,0.0216523538353,33.8236808777,1
5,1.7525031964,0.0216523538353,33.830945015,1
5,1.7525031964,0.0216523538353,33.8366930485,1
5,1.7525031964,0.0216523538353,33.841771841,1
5,1.7525031964,0.0216523538353,33.8468568325,1
5,1.7525031964,0.0216523538353,33.8496408463,1
5,1.7525031964,0.0216523538353,33.8535239697,1
5,1.7525031964,0.0216523538353,33.8561449051,1
5,1.63544774055,0.0202023699596,0.933115005493,1
5,1.63544774055,0.0202023699596,0.933614015579,1
5,1.63544774055,0.0202023699596,0.934002876282,1
5,1.63544774055,0.0202023699596,0.93452000618,1
5,1.63544774055,0.0202023699596,0.93495798111,1
5,1.63544774055,0.0202023699596,0.935317993164,1
5,1.63544774055,0.0202023699596,0.935694932938,1
5,1.63544774055,0.0202023699596,0.936187028885,1
5,1.63544774055,0.0202023699596,1.87482500076,1
5,1.63544774055,0.0202023699596,1.87551498413,1
5,1.63544774055,0.0202023699596,1.87601995468,1
5,1.63544774055,0.0202023699596,1.87640595436,1
5,1.63544774055,0.0202023699596,1.87677407265,1
5,1.63544774055,0.0202023699596,1.87713289261,1
5,1.63544774055,0.0202023699596,1.87748789787,1
5,1.63544774055,0.0202023699596,1.8778450489,1
5,1.63544774055,0.0202023699596,1.87821388245,1
5,1.63544774055,0.0202023699596,1.87962794304,1
5,1.63544774055,0.0202023699596,2.80701994896,1
5,1.63544774055,0.0202023699596,2.8075568676,1
5,1.63544774055,0.0202023699596,2.80801796913,1
5,1.63544774055,0.0202023699596,14.0596580505,1
5,1.67025238276,0.0198150571509,1.91388487816,1
5,1.67025238276,0.0198150571509,1.93013286591,1
5,1.67025238276,0.0198150571509,1.9423058033,1
5,1.67025238276,0.0198150571509,2.80581188202,1
5,1.67025238276,0.0198150571509,2.80635380745,1
5,1.67025238276,0.0198150571509,2.80674886703,1
5,1.67025238276,0.0198150571509,2.80711889267,1
5,1.67025238276,0.0198150571509,2.80764889717,1
5,1.67025238276,0.0198150571509,2.80808401108,1
5,1.67025238276,0.0198150571509,2.80844402313,1
5,1.67025238276,0.0198150571509,2.80882787704,1
5,1.67025238276,0.0198150571509,2.80974578857,1
5,1.67025238276,0.0198150571509,2.81015992165,1
5,1.58948789703,0.0213044515889,0.943372011185,1
5,1.58948789703,0.0213044515889,1.87391209602,1
5,1.58948789703,0.0213044515889,1.87444400787,1
5,1.58948789703,0.0213044515889,1.87484097481,1
5,1.58948789703,0.0213044515889,1.87540102005,1
5,1.58948789703,0.0213044515889,1.87578010559,1
5,1.58948789703,0.0213044515889,1.87613606453,1
5,1.58948789703,0.0213044515889,1.87660217285,1
5,1.58948789703,0.0213044515889,2.81688213348,1
5,1.58948789703,0.0213044515889,2.81703495979,1
5,1.58948789703,0.0213044515889,2.8171441555,1
5,1.58948789703,0.0213044515889,2.81731200218,1
5,1.58948789703,0.0213044515889,2.81741809845,1
5,1.58948789703,0.0213044515889,2.81751704216,1
5,1.58948789703,0.0213044515889,2.81761598587,1
5,1.58948789703,0.0213044515889,2.81771612167,1
5,1.58948789703,0.0213044515889,2.81781196594,1
5,1.58948789703,0.0213044515889,2.81790995598,1
5,1.58948789703,0.0213044515889,2.81800794601,1
5,1.18030691147,0.0194635400927,1.18030691147,1
5,1.18030691147,0.0194635400927,1.19322705269,1
5,1.18030691147,0.0194635400927,1.74655294418,1
5,1.18030691147,0.0194635400927,1.74670004845,1
5,1.18030691147,0.0194635400927,1.74679493904,1
5,1.18030691147,0.0194635400927,1.74688100815,1
5,1.18030691147,0.0194635400927,1.74698901176,1
5,1.18030691147,0.0194635400927,1.74707007408,1
5,1.18030691147,0.0194635400927,1.74714994431,1
5,1.18030691147,0.0194635400927,1.74723005295,1
5,1.18030691147,0.0194635400927,1.74732398987,1
5,1.18030691147,0.0194635400927,1.74740099907,1
5,1.18030691147,0.0194635400927,1.74747204781,1
5,1.18030691147,0.0194635400927,1.74754285812,1
5,1.18030691147,0.0194635400927,1.74761199951,1
5,1.18030691147,0.0194635400927,1.74768090248,1
5,1.18030691147,0.0194635400927,1.74775004387,1
5,1.18030691147,0.0194635400927,1.74782085419,1
5,1.18030691147,0.0194635400927,1.7478890419,1
5,1.18030691147,0.0194635400927,1.74795794487,1
5,1.18030691147,0.0194635400927,1.74804186821,1
5,1.18030691147,0.0194635400927,1.74811887741,1
5,1.18030691147,0.0194635400927,3.02059006691,1
5,1.18030691147,0.0194635400927,3.02118301392,1
5,1.18030691147,0.0194635400927,3.02165389061,1
5,1.18030691147,0.0194635400927,3.02202796936,1
5,1.82960653305,0.0214592714284,2.47890615463,1
5,1.82960653305,0.0214592714284,2.47940516472,1
5,1.82960653305,0.0214592714284,2.47978115082,1
5,1.82960653305,0.0214592714284,2.48016095161,1
5,1.82960653305,0.0214592714284,2.48057198524,1
5,1.82960653305,0.0214592714284,2.48093795776,1
5,1.82960653305,0.0214592714284,3.75054717064,1
5,1.82960653305,0.0214592714284,3.75115013123,1
5,1.64460833867,0.0138058239772,1.27461194992,1
5,1.64460833867,0.0138058239772,1.27511906624,1
5,1.64460833867,0.0138058239772,1.27556586266,1
5,1.64460833867,0.0138058239772,1.27597403526,1
5,1.64460833867,0.0138058239772,1.27639198303,1
5,1.64460833867,0.0138058239772,1.27680397034,1
5,1.64460833867,0.0138058239772,1.2771589756,1
5,1.64460833867,0.0138058239772,1.2775759697,1
5,1.64460833867,0.0138058239772,1.27809500694,1
5,1.64460833867,0.0138058239772,1.27850699425,1
5,1.64460833867,0.0138058239772,1.27889990807,1
5,1.64460833867,0.0138058239772,1.88826489449,1
5,1.64460833867,0.0138058239772,1.89729785919,1
5,1.64460833867,0.0138058239772,1.90693902969,1
5,1.64460833867,0.0138058239772,1.91208291054,1
5,1.64460833867,0.0138058239772,1.91804504395,1
5,1.64460833867,0.0138058239772,1.92501187325,1
5,1.64460833867,0.0138058239772,1.93289494514,1
5,1.3846719861,0.0161967948198,0.604862928391,1
5,1.3846719861,0.0161967948198,1.87539696693,1
5,1.3846719861,0.0161967948198,1.8767080307,1
5,1.3846719861,0.0161967948198,1.87714600563,1
5,1.3846719861,0.0161967948198,1.87751603127,1
5,1.3846719861,0.0161967948198,1.87792110443,1
5,1.3846719861,0.0161967948198,1.87827801704,1
5,1.3846719861,0.0161967948198,1.8786740303,1
5,1.3846719861,0.0161967948198,1.87902498245,1
5,1.3846719861,0.0161967948198,1.87941598892,1
5,1.3846719861,0.0161967948198,1.87982988358,1
5,1.3846719861,0.0161967948198,1.88019490242,1
5,1.3846719861,0.0161967948198,8.10532999039,1
5,1.48324298859,0.016942630028,1.87752699852,1
5,1.48324298859,0.016942630028,2.48211193085,1
5,1.48324298859,0.016942630028,2.48483300209,1
5,1.48324298859,0.016942630028,2.49107694626,1
5,1.48324298859,0.016942630028,2.49574995041,1
5,1.48324298859,0.016942630028,2.49990701675,1
5,1.48324298859,0.016942630028,2.50500583649,1
5,1.48324298859,0.016942630028,2.50927782059,1
5,1.48324298859,0.016942630028,2.51086497307,1
5,1.48324298859,0.016942630028,31.8775568008,1
5,1.48324298859,0.016942630028,31.8780698776,1
5,1.48324298859,0.016942630028,31.8789629936,1
5,1.48324298859,0.016942630028,31.8793728352,1
5,1.48324298859,0.016942630028,31.879737854,1
5,1.48324298859,0.016942630028,31.8801269531,1
5,1.48324298859,0.016942630028,31.8804829121,1
5,1.48324298859,0.016942630028,31.8808670044,1
5,1.48324298859,0.016942630028,31.8812398911,1
5,1.48324298859,0.016942630028,31.881649971,1
5,1.48324298859,0.016942630028,31.8820669651,1
5,1.48324298859,0.016942630028,31.8824169636,1
5,1.48324298859,0.016942630028,32.4807109833,1
5,1.43046899637,0.0164235986865,1.16659903526,1
5,1.43046899637,0.0164235986865,2.20537805557,1
5,1.43046899637,0.0164235986865,2.20612215996,1
5,1.43046899637,0.0164235986865,2.20658016205,1
5,1.43046899637,0.0164235986865,2.20698714256,1
5,1.43046899637,0.0164235986865,2.20736408234,1
5,1.43046899637,0.0164235986865,2.20779109001,1
5,1.43046899637,0.0164235986865,2.20818305016,1
5,1.43046899637,0.0164235986865,2.20878815651,1
5,1.43046899637,0.0164235986865,2.20919299126,1
5,1.43046899637,0.0164235986865,2.20955014229,1
5,1.43046899637,0.0164235986865,2.20992803574,1
5,1.43046899637,0.0164235986865,2.21027708054,1
5,1.43046899637,0.0164235986865,2.21065402031,1
5,1.43046899637,0.0164235986865,2.21100211143,1
5,1.43046899637,0.0164235986865,2.21138906479,1
5,1.43046899637,0.0164235986865,2.21176409721,1
5,1.43046899637,0.0164235986865,2.21215319633,1
5,1.43046899637,0.0164235986865,2.80840802193,1
5,1.43046899637,0.0164235986865,2.80889701843,1
5,1.43046899637,0.0164235986865,2.80926704407,1
5,1.43046899637,0.0164235986865,2.80964303017,1
5,1.43046899637,0.0164235986865,65.974766016,1
5,1.43046899637,0.0164235986865,65.9807419777,1
5,1.43046899637,0.0164235986865,65.9906170368,1
5,1.22639540264,0.0156388757714,0.00195384025574,1
5,1.22639540264,0.0156388757714,0.00243997573853,1
5,1.22639540264,0.0156388757714,0.0028178691864,1
5,1.22639540264,0.0156388757714,1.27198600769,1
5,1.22639540264,0.0156388757714,1.27442383766,1
5,1.22639540264,0.0156388757714,1.27483201027,1
5,1.22639540264,0.0156388757714,1.27563595772,1
5,1.22639540264,0.0156388757714,1.87510895729,1
5,1.22639540264,0.0156388757714,1.87571406364,1
5,1.22639540264,0.0156388757714,1.87611889839,1
5,1.22639540264,0.0156388757714,1.87649202347,1
5,1.22639540264,0.0156388757714,1.87695193291,1
5,1.22639540264,0.0156388757714,1.87731289864,1
3,0,0,0,0
3,0,0,0,0
3,0.884815216064,0.0198368754227,0.884815216064,0
3,0.884815216064,0.0198368754227,0.885381221771,0
3,0.884815216064,0.0198368754227,0.885819196701,0
3,0.884815216064,0.0198368754227,0.886234045029,0
3,0.443471074104,0.0289209958931,0.00212693214417,0
3,0.443471074104,0.0289209958931,0.0026330947876,0
3,0.443471074104,0.0289209958931,0.00308299064636,0
3,0.443471074104,0.0289209958931,1.87054800987,0
3,0.443471074104,0.0289209958931,1.87103104591,0
3,3.41978406906,0.0373151933073,9.37241005898,0
3,3.41978406906,0.0373151933073,9.37289309502,0
3,3.41978406906,0.0373151933073,9.37328410149,0
3,3.41978406906,0.0373151933073,18.3714160919,0
3,3.41978406906,0.0373151933073,18.3717210293,0
3,3.41978406906,0.0373151933073,18.371972084,0
3,3.41978406906,0.0373151933073,18.3721840382,0
3,3.41978406906,0.0373151933073,18.3723909855,0
3,2.80035281181,0.0419581425187,0.94205904007,0
3,2.80035281181,0.0419581425187,0.942552089691,0
3,2.80035281181,0.0419581425187,0.942954063416,0
3,2.80035281181,0.0419581425187,0.943332195282,0
3,2.80035281181,0.0419581425187,1.87297606468,0
3,2.80035281181,0.0419581425187,1.87308216095,0
3,2.80035281181,0.0419581425187,62.8096690178,0
3,2.6149626255,0.0310655155329,1.87340188026,0
3,2.6149626255,0.0310655155329,1.873898983,0
3,2.6149626255,0.0310655155329,1.87434387207,0
3,2.6149626255,0.0310655155329,1.87477898598,0
3,2.6149626255,0.0310655155329,1.87528705597,0
3,2.33461268743,0.0362245641354,0.932862997055,0
3,2.33461268743,0.0362245641354,0.933364868164,0
3,2.33461268743,0.0362245641354,0.933768033981,0
3,2.33461268743,0.0362245641354,0.934151887894,0
3,2.53693015235,0.0404316919753,3.75083494186,0
3,2.33575949073,0.0457124405341,0.92756485939,0
3,2.33575949073,0.0457124405341,0.928126811981,0
3,2.33575949073,0.0457124405341,0.928534984589,0
3,2.33575949073,0.0457124405341,0.928918838501,0
3,2.33575949073,0.0457124405341,0.9292948246,0
3,2.07625553343,0.0488125840485,0.000223875045776,0
3,2.07625553343,0.0488125840485,0.000349998474121,0
3,2.07625553343,0.0488125840485,0.000441074371338,0
3,2.07625553343,0.0488125840485,0.000526905059814,0
3,2.07625553343,0.0488125840485,0.946126937866,0
3,2.07625553343,0.0488125840485,1.70274686813,0
3,2.07625553343,0.0488125840485,1.71246290207,0
3,2.07625553343,0.0488125840485,1.71611785889,0
3,2.07625553343,0.0488125840485,1.72301697731,0
3,2.07625553343,0.0488125840485,1.7296359539,0
3,2.07625553343,0.0488125840485,1.73312902451,0
3,2.07625553343,0.0488125840485,2.82358884811,0
3,2.07625553343,0.0488125840485,2.82501196861,0
3,2.07625553343,0.0488125840485,2.82581400871,0
3,2.07625553343,0.0488125840485,2.82621097565,0
3,1.96099247932,0.0479036533058,0.923624992371,0
3,1.96099247932,0.0479036533058,0.92412519455,0
3,1.86829361049,0.0506456174759,0.941304922104,0
3,1.86829361049,0.0506456174759,0.941824913025,0
3,1.86829361049,0.0506456174759,0.942229986191,0
3,1.86829361049,0.0506456174759,0.942789077759,0
3,1.79665996631,0.0526894479482,1.00868988037,0
3,1.79665996631,0.0526894479482,1.00918602943,0
3,1.79665996631,0.0526894479482,1.00958991051,0
3,1.79665996631,0.0526894479482,1.00997400284,0
3,1.79665996631,0.0526894479482,1.01055693626,0
3,1.72992959389,0.0548815954956,0.929165124893,0
3,1.72992959389,0.0548815954956,0.929672002792,0
3,1.72992959389,0.0548815954956,6.79963493347,0
3,1.72992959389,0.0548815954956,6.80052113533,0
3,1.72992959389,0.0548815954956,6.80096411705,0
3,1.72992959389,0.0548815954956,6.80142807961,0
3,1.72992959389,0.0548815954956,6.80188202858,0
3,1.72992959389,0.0548815954956,6.80226492882,0
3,1.72992959389,0.0548815954956,6.80272293091,0
3,1.72992959389,0.0548815954956,6.80320310593,0
3,1.72992959389,0.0548815954956,7.66885399818,0
3,1.72992959389,0.0548815954956,7.66943192482,0
3,1.72992959389,0.0548815954956,7.66987013817,0
3,1.72992959389,0.0548815954956,7.67030310631,0
3,1.72992959389,0.0548815954956,7.67068910599,0
3,1.72992959389,0.0548815954956,7.67116308212,0
3,1.72992959389,0.0548815954956,7.67157793045,0
3,1.72992959389,0.0548815954956,7.67196893692,0
3,1.72992959389,0.0548815954956,7.67253708839,0
3,1.72992959389,0.0548815954956,7.67308306694,0
3,1.72992959389,0.0548815954956,7.67362809181,0
3,1.72992959389,0.0548815954956,21.7980129719,0
3,1.72992959389,0.0548815954956,21.7985339165,0
3,1.72992959389,0.0548815954956,21.7989931107,0
3,1.72992959389,0.0548815954956,21.7993941307,0
3,1.72992959389,0.0548815954956,21.7997751236,0
3,1.72992959389,0.0548815954956,22.6694531441,0
3,1.72992959389,0.0548815954956,22.6701250076,0
3,1.72992959389,0.0548815954956,23.6744940281,0
3,1.72992959389,0.0548815954956,23.6750421524,0
3,1.67292969567,0.0520940507925,0.931931018829,0
3,1.67292969567,0.0520940507925,0.932454824448,0
3,1.67292969567,0.0520940507925,0.93288397789,0
3,1.67292969567,0.0520940507925,0.933271884918,0
3,1.67292969567,0.0520940507925,0.933651924133,0
3,1.67292969567,0.0520940507925,3.75015878677,0
3,1.67292969567,0.0520940507925,3.75081396103,0
3,1.67292969567,0.0520940507925,3.75121283531,0
3,1.67292969567,0.0520940507925,3.75159096718,0
3,1.67292969567,0.0520940507925,3.75196194649,0
3,1.67292969567,0.0520940507925,3.75232887268,0
3,1.67292969567,0.0520940507925,3.75269293785,0
3,1.67292969567,0.0520940507925,3.75318384171,0
3,1.67292969567,0.0520940507925,3.75354790688,0
3,1.67292969567,0.0520940507925,3.7539229393,0
3,1.67292969567,0.0520940507925,3.75428581238,0
3,1.67292969567,0.0520940507925,4.68060779572,0
3,1.67292969567,0.0520940507925,4.68087601662,0
3,1.67292969567,0.0520940507925,4.68100595474,0
3,1.67292969567,0.0520940507925,4.68112587929,0
3,1.67292969567,0.0520940507925,4.68124294281,0
3,1.67292969567,0.0520940507925,4.68135380745,0
3,1.67292969567,0.0520940507925,4.68145799637,0
3,1.67292969567,0.0520940507925,4.68156099319,0
3,1.67292969567,0.0520940507925,4.68166279793,0
3,1.67292969567,0.0520940507925,4.68180179596,0
3,1.59382944107,0.0538386192963,0.486425876617,0
3,1.59382944107,0.0538386192963,0.486934900284,0
3,1.59382944107,0.0538386192963,0.487376928329,0
3,1.59382944107,0.0538386192963,0.487778902054,0
3,1.59382944107,0.0538386192963,0.488159894943,0
3,1.59382944107,0.0538386192963,2.12155795097,0
3,1.59382944107,0.0538386192963,2.12742090225,0
3,1.59382944107,0.0538386192963,6.73641395569,0
3,1.55696752667,0.0559703598975,1.00403881073,0
3,1.55696752667,0.0559703598975,1.00462794304,0
3,1.55696752667,0.0559703598975,1.87533998489,0
3,1.53135843838,0.058852088181,1.12161302567,0
3,1.53135843838,0.058852088181,1.12213516235,0
3,1.53135843838,0.058852088181,1.12259197235,0
3,1.53135843838,0.058852088181,1.12298607826,0
3,1.53135843838,0.058852088181,1.12338495255,0
3,1.49867302842,0.0604413546679,0.943021059036,0
3,1.49867302842,0.0604413546679,0.943532943726,0
3,1.49867302842,0.0604413546679,0.943943023682,0
3,1.49867302842,0.0604413546679,0.944376945496,0
3,1.49867302842,0.0604413546679,1.87668395042,0
3,1.41994855278,0.0616146378173,0.0029079914093,0
3,1.41994855278,0.0616146378173,0.00984692573547,0
3,1.41994855278,0.0616146378173,0.0101051330566,0
3,1.41994855278,0.0616146378173,0.865437984467,0
3,1.41994855278,0.0616146378173,0.865550041199,0
3,1.41994855278,0.0616146378173,1.87825298309,0
3,3.7499601841,0.0140843306781,3.7499601841,0
3,3.7499601841,0.0140843306781,3.7505261898,0
3,1.88262665272,0.0264173980561,0.0152931213379,0
3,1.88262665272,0.0264173980561,0.0173680782318,0
3,1.88262665272,0.0264173980561,0.0202469825745,0
3,1.88262665272,0.0264173980561,0.0234730243683,0
3,1.62921404839,0.0372367885448,1.12238883972,0
3,1.62921404839,0.0372367885448,1.12287592888,0
3,1.62921404839,0.0372367885448,1.12327194214,0
3,1.62921404839,0.0372367885448,1.12364888191,0
3,1.62921404839,0.0372367885448,1.1240170002,0
3,1.45821225643,0.0470206300982,0.945206880569,0
3,1.45821225643,0.0470206300982,0.945693969727,0
3,1.45821225643,0.0470206300982,0.946092844009,0
3,1.35286922455,0.054570896503,0.931497097015,0
3,1.35286922455,0.054570896503,0.932080030441,0
3,1.35286922455,0.054570896503,0.932528972626,0
3,1.35286922455,0.054570896503,0.932909011841,0
3,1.35286922455,0.054570896503,0.933305025101,0
3,1.35286922455,0.054570896503,0.941682100296,0
3,1.28355717659,0.0635342933518,0.936996936798,0
3,1.28355717659,0.0635342933518,0.937839984894,0
3,1.28355717659,0.0635342933518,0.938271999359,0
3,1.28355717659,0.0635342933518,0.938663959503,0
3,1.28355717659,0.0635342933518,0.939130067825,0
3,1.28355717659,0.0635342933518,0.939541101456,0
3,1.25088899476,0.0667459380346,1.05487990379,0
3,1.25088899476,0.0667459380346,1.05543899536,0
3,1.25088899476,0.0667459380346,1.05585408211,0
3,1.25088899476,0.0667459380346,1.05624103546,0
3,1.25088899476,0.0667459380346,1.05666708946,0
3,1.25088899476,0.0667459380346,1.87411403656,0
3,4.96817150712,0.0449421545771,30.9891490936,0
3,4.41649055481,0.0464172519326,0.00304293632507,0
3,4.41649055481,0.0464172519326,0.0054669380188,0
3,4.41649055481,0.0464172519326,0.0110540390015,0
3,4.41649055481,0.0464172519326,0.996948957443,0
3,4.41649055481,0.0464172519326,0.997442007065,0
3,4.41649055481,0.0464172519326,0.997843980789,0
3,4.07471499443,0.050343210305,0.998734951019,0
3,4.07471499443,0.050343210305,0.999327898026,0
3,4.07471499443,0.050343210305,0.999740839005,0
3,4.07471499443,0.050343210305,1.00019598007,0
3,3.78388218446,0.053137065761,0.875554084778,0
3,3.78388218446,0.053137065761,0.876048088074,0
3,3.78388218446,0.053137065761,0.876501083374,0
3,3.78388218446,0.053137065761,0.876908063889,0
3,3.78388218446,0.053137065761,0.877288103104,0
3,3.56920276086,0.0563464735168,1.20772910118,0
3,3.56920276086,0.0563464735168,1.20826411247,0
3,3.56920276086,0.0563464735168,1.20873212814,0
3,3.56920276086,0.0563464735168,1.20912599564,0
3,3.56920276086,0.0563464735168,1.2095079422,0
3,3.56920276086,0.0563464735168,1.20988607407,0
3,3.56920276086,0.0563464735168,1.99971199036,0
3,3.29466484143,0.0598018751362,0.000209808349609,0
3,3.29466484143,0.0598018751362,0.00141000747681,0
3,3.05933884212,0.0641440063368,0.00010085105896,0
3,3.05933884212,0.0641440063368,0.000248908996582,0
3,3.05933884212,0.0641440063368,0.000737905502319,0
3,3.05933884212,0.0641440063368,0.999287843704,0
3,3.05933884212,0.0641440063368,0.999950885773,0
3,2.85540518761,0.0678321229437,0.000334024429321,0
3,2.85540518761,0.0678321229437,0.875527143478,0
3,2.85540518761,0.0678321229437,0.875659942627,0
3,2.85540518761,0.0678321229437,0.875766038895,0
3,2.85540518761,0.0678321229437,0.875869035721,0
3,2.85540518761,0.0678321229437,0.875970125198,0
3,2.67748197913,0.0677549865278,0.008633852005,0
3,2.67748197913,0.0677549865278,0.0120568275452,0
3,2.67748197913,0.0677549865278,1.87762284279,0
3,2.95385251326,0.068202864522,7.37578105927,0
3,2.78987560007,0.0700713082503,0.00226807594299,0
3,2.78987560007,0.0700713082503,0.00277805328369,0
3,2.78987560007,0.0700713082503,0.00318098068237,0
3,2.78987560007,0.0700713082503,1.00372695923,0
3,2.69609452549,0.0703994620184,1.00803518295,0
3,2.69609452549,0.0703994620184,10.3733720779,0
3,2.61105279922,0.0711421331503,0.995260000229,0
3,2.61105279922,0.0711421331503,0.995759963989,0
3,2.61105279922,0.0711421331503,0.99617600441,0
3,2.61105279922,0.0711421331503,0.996567964554,0
3,2.61105279922,0.0711421331503,5.87567806244,0
3,2.61105279922,0.0711421331503,5.88226795197,0
3,2.61105279922,0.0711421331503,5.88621997833,0
3,2.61105279922,0.0711421331503,5.88948202133,0
3,2.61105279922,0.0711421331503,5.89212608337,0
3,2.61105279922,0.0711421331503,5.89377808571,0
3,2.61105279922,0.0711421331503,5.89618611336,0
3,2.61105279922,0.0711421331503,5.89948797226,0
3,2.61105279922,0.0711421331503,5.90119600296,0
3,2.61105279922,0.0711421331503,5.90278506279,0
3,2.61105279922,0.0711421331503,5.90464401245,0
3,2.61105279922,0.0711421331503,6.6186850071,0
3,2.61105279922,0.0711421331503,6.62007808685,0
3,2.61105279922,0.0711421331503,11.2470011711,0
3,2.53425690106,0.0715812320552,0.998338937759,0
3,2.53425690106,0.0715812320552,0.998974084854,0
3,2.53425690106,0.0715812320552,0.999404907227,0
3,2.53425690106,0.0715812320552,0.999880075455,0
3,2.53425690106,0.0715812320552,1.88593506813,0
3,2.53425690106,0.0715812320552,1.89168190956,0
3,2.58954722231,0.0736089586628,3.75064396858,0
3,2.47696773902,0.0764752389254,0.000219106674194,0
3,2.37382533153,0.0790115273581,0.00154995918274,0
3,2.37382533153,0.0790115273581,2.62286400795,0
3,2.27888336182,0.0815993815587,0.0002760887146,0
3,2.27888336182,0.0815993815587,1.00015902519,0
3,2.27888336182,0.0815993815587,1.00065493584,0
3,2.27888336182,0.0815993815587,1.00109195709,0
3,2.27888336182,0.0815993815587,1.00148296356,0
3,2.27888336182,0.0815993815587,1.00186395645,0
3,2.27888336182,0.0815993815587,1.0024330616,0
3,2.26799950233,0.083535646741,1.99590301514,0
3,2.26799950233,0.083535646741,1.99648785591,0
3,2.35536881729,0.0830451929194,4.62697100639,0
3,2.27151368346,0.085853887717,0.00742506980896,0
3,2.27151368346,0.085853887717,0.0148561000824,0
3,2.27151368346,0.085853887717,0.0212490558624,0
3,2.27151368346,0.085853887717,0.0278060436249,0
3,2.50018217646,0.0863345330739,8.90289998055,0
3,2.44797159831,0.0838347574234,0.933864831924,0
3,2.44797159831,0.0838347574234,0.934700012207,0
3,2.44797159831,0.0838347574234,0.935479879379,0
3,2.44797159831,0.0838347574234,0.936281919479,0
3,2.44797159831,0.0838347574234,0.937019824982,0
3,2.44797159831,0.0838347574234,0.93777179718,0
3,2.39886419235,0.0835648884851,0.92564201355,0
3,2.39886419235,0.0835648884851,3.7436208725,0
3,2.39886419235,0.0835648884851,3.74416303635,0
3,2.39886419235,0.0835648884851,3.74457883835,0
3,2.39886419235,0.0835648884851,3.74509692192,0
3,2.3239735961,0.0841333147371,0.00236511230469,0
3,2.5658695481,0.0842713066149,10.3065400124,0
4,0,0,0,0
4,0,0,0,0
4,0,0,0,0
4,0,0,0,0
4,0,0,0,0
4,0,0,0,0
4,7.49719405174,0.0252829598011,7.49719405174,0
4,7.49719405174,0.0252829598011,7.49780797958,0
4,5.36036849022,0.0452142276533,3.2235429287,0
4,5.36036849022,0.0452142276533,3.22366499901,0
4,5.36036849022,0.0452142276533,3.2238240242,0
4,5.36036849022,0.0452142276533,3.22390294075,0
4,5.36036849022,0.0452142276533,3.22397899628,0
4,5.36036849022,0.0452142276533,3.2240459919,0
4,5.36036849022,0.0452142276533,3.22411084175,0
4,3.5738723278,0.0605900572913,0.000880002975464,0
4,3.5738723278,0.0605900572913,0.00139999389648,0
4,3.21789479256,0.0718651558544,2.14996218681,0
4,3.21789479256,0.0718651558544,2.15783309937,0
4,3.21789479256,0.0718651558544,2.17749619484,0
4,3.21789479256,0.0718651558544,2.227602005,0
4,3.21789479256,0.0718651558544,2.24998903275,0
4,2.5743868351,0.0886146086884,0.000355005264282,0
4,2.5743868351,0.0886146086884,0.000874996185303,0
4,2.5743868351,0.0886146086884,0.00128293037415,0
4,2.5743868351,0.0886146086884,0.00167393684387,0
4,2.5743868351,0.0886146086884,0.00206685066223,0
4,3.63818971316,0.0867832882992,8.95720410347,0
4,3.63818971316,0.0867832882992,8.95769715309,0
4,3.63818971316,0.0867832882992,8.95809102058,0
4,3.63818971316,0.0867832882992,8.95859599113,0
4,3.63818971316,0.0867832882992,8.95909404755,0
4,3.63818971316,0.0867832882992,8.96022200584,0
4,3.32654918943,0.0870858055786,1.45670604706,0
4,3.32654918943,0.0870858055786,1.45728302002,0
4,3.08546727896,0.0903641457719,1.39789390564,0
4,3.08546727896,0.0903641457719,1.39864301682,0
4,2.74270923932,0.100693016282,0.00064492225647,0
4,2.74270923932,0.100693016282,0.0011739730835,0
4,2.74270923932,0.100693016282,0.00190997123718,0
4,2.74270923932,0.100693016282,0.00240206718445,0
4,2.93750622272,0.0442289767596,4.69067907333,0
4,2.93750622272,0.0442289767596,5.62538194656,0
4,2.93750622272,0.0442289767596,5.62595391273,0
4,2.93750622272,0.0442289767596,5.62637805939,0
4,2.93750622272,0.0442289767596,5.62676405907,0
4,2.93750622272,0.0442289767596,5.62714505196,0
4,2.93750622272,0.0442289767596,20.655495882,0
4,2.93750622272,0.0442289767596,21.555768013,0
4,2.93750622272,0.0442289767596,21.5563020706,0
4,2.93750622272,0.0442289767596,21.5567250252,0
4,2.93750622272,0.0442289767596,21.5571830273,0
4,2.93750622272,0.0442289767596,21.5575799942,0
4,2.93750622272,0.0442289767596,21.5580399036,0
4,2.93750622272,0.0442289767596,21.5584189892,0
4,2.93750622272,0.0442289767596,21.5587871075,0
4,2.93750622272,0.0442289767596,21.5591540337,0
4,2.93750622272,0.0442289767596,21.5595259666,0
4,2.93750622272,0.0442289767596,21.5598940849,0
4,2.93750622272,0.0442289767596,21.5603289604,0
4,2.93750622272,0.0442289767596,21.5612869263,0
4,2.93750622272,0.0442289767596,21.5620470047,0
4,2.93750622272,0.0442289767596,21.5627419949,0
4,2.93750622272,0.0442289767596,22.5072638988,0
4,3.01183173873,0.0439182438948,3.7550868988,0
4,3.01183173873,0.0439182438948,3.75522994995,0
4,2.76085050901,0.0479107328962,5.69820404053e-05,0
4,2.76085050901,0.0479107328962,0.942678928375,0
4,2.76085050901,0.0479107328962,0.943217039108,0
4,2.76085050901,0.0479107328962,0.943631887436,0
4,3.1971754661,0.0452917993484,8.43307495117,0
4,3.1971754661,0.0452917993484,8.43385100365,0
4,3.1971754661,0.0452917993484,8.43456196785,0
4,3.1971754661,0.0452917993484,9.3740401268,0
4,3.1971754661,0.0452917993484,9.37849593163,0
4,3.1971754661,0.0452917993484,9.40074896812,0
4,3.1971754661,0.0452917993484,9.41791605949,0
4,3.03528336116,0.0453691711219,0.930685997009,0
4,3.03528336116,0.0453691711219,0.931797981262,0
4,0,0,0,0
4,0,0,0,0
4,0,0,0,0
4,0,0,0,0
4,0,0,0,0
4,0,0,0,0
4,7.46725201607,0.0132721836112,7.46725201607,0
4,7.46725201607,0.0132721836112,7.46784615517,0
4,5.60825395584,0.0252854407219,3.74925589561,0
4,5.60825395584,0.0252854407219,3.74974799156,0
4,4.05308596293,0.0374808533323,0.942749977112,0
4,4.05308596293,0.0374808533323,0.94490480423,0
4,4.05308596293,0.0374808533323,0.948271036148,0
4,4.05308596293,0.0374808533323,0.953786849976,0
4,3.03997850418,0.04721410787,0.000656127929688,0
4,3.03997850418,0.04721410787,0.00120306015015,0
4,2.80729541779,0.0553427104799,1.8765630722,0
4,2.80729541779,0.0553427104799,1.87742590904,0
4,2.80729541779,0.0553427104799,1.87783694267,0
4,2.33947233359,0.0657259493629,0.000356912612915,0
4,2.33947233359,0.0657259493629,0.000919818878174,0
4,2.33947233359,0.0657259493629,0.00144290924072,0
4,2.33947233359,0.0657259493629,0.00183391571045,0
4,2.33947233359,0.0657259493629,0.00224494934082,0
4,2.33947233359,0.0657259493629,0.00266480445862,0
4,2.00530726569,0.0743940187632,0.000316858291626,0
4,2.00530726569,0.0743940187632,9.37824082375,0
4,2.00530726569,0.0743940187632,9.37860584259,0
4,2.00530726569,0.0743940187632,9.37889385223,0
4,2.00530726569,0.0743940187632,9.37916588783,0
4,2.00530726569,0.0743940187632,9.37947583199,0
4,2.00530726569,0.0743940187632,9.37992882729,0
4,2.00530726569,0.0743940187632,9.3801908493,0
4,2.00530726569,0.0743940187632,10.3170769215,0
4,2.00530726569,0.0743940187632,10.3176279068,0
4,1.75562420487,0.070300715137,0.00784277915955,0
4,1.75562420487,0.070300715137,0.0149788856506,0
4,1.75562420487,0.070300715137,0.0177907943726,0
4,1.75562420487,0.070300715137,0.927833795547,0
4,1.87227553791,0.073640534893,2.80548620224,0
4,1.87227553791,0.073640534893,2.80577206612,0
4,1.87227553791,0.073640534893,2.80587911606,0
4,1.87227553791,0.073640534893,3.74896907806,0
4,1.87227553791,0.073640534893,3.74981617928,0
4,1.68506779671,0.0811950132158,0.000198125839233,0
4,7.58329454335,0.0565813799363,66.5655620098,0
4,7.58329454335,0.0565813799363,66.5657868385,0
4,7.58329454335,0.0565813799363,66.5659580231,0
4,7.58329454335,0.0565813799363,66.5661218166,0
4,7.58329454335,0.0565813799363,66.5662798882,0
4,7.58329454335,0.0565813799363,66.5665388107,0
4,7.58329454335,0.0565813799363,66.5666928291,0
4,7.58329454335,0.0565813799363,66.5668468475,0
4,7.58329454335,0.0565813799363,66.5670030117,0
4,7.58329454335,0.0565813799363,66.5672118664,0
4,6.95155032476,0.0605555004295,0.00236392021179,0
4,6.77201276559,0.0629277263682,4.61756205559,0
4,6.77201276559,0.0629277263682,4.6186978817,0
4,6.77201276559,0.0629277263682,4.61910390854,0
4,6.77201276559,0.0629277263682,4.61948800087,0
4,6.77201276559,0.0629277263682,4.61994886398,0
4,6.62220363958,0.0631812543929,4.67468500137,0
4,6.62220363958,0.0631812543929,4.67526388168,0
4,6.62220363958,0.0631812543929,4.67566895485,0
4,6.62220363958,0.0631812543929,4.67612290382,0
4,6.62220363958,0.0631812543929,4.67652988434,0
4,6.62220363958,0.0631812543929,4.67690992355,0
4,6.62220363958,0.0631812543929,4.67741584778,0
4,6.62220363958,0.0631812543929,4.67778801918,0
4,7.49377627373,0.0585301967062,19.6957931519,0
4,7.49377627373,0.0585301967062,19.6959631443,0
4,7.49377627373,0.0585301967062,19.6960952282,0
4,7.49377627373,0.0585301967062,19.6962311268,0
4,7.49377627373,0.0585301967062,19.6963601112,0
4,7.49377627373,0.0585301967062,19.6966280937,0
4,7.49377627373,0.0585301967062,19.6967351437,0
4,7.02547039092,0.0593904763302,0.000882148742676,0
4,7.02547039092,0.0593904763302,11.2531960011,0
4,7.02547039092,0.0593904763302,11.2537269592,0
4,7.02547039092,0.0593904763302,11.2541871071,0
4,7.02547039092,0.0593904763302,11.2546100616,0
4,7.02547039092,0.0593904763302,11.2551319599,0
4,7.02547039092,0.0593904763302,11.255507946,0
4,7.02547039092,0.0593904763302,11.2558829784,0
4,7.43276614301,0.0553924771886,13.9494981766,0
4,7.43276614301,0.0553924771886,13.9500081539,0
4,7.43276614301,0.0553924771886,13.9504191875,0
4,7.43276614301,0.0553924771886,13.9508080482,0
4,7.43276614301,0.0553924771886,13.9511930943,0
4,7.43276614301,0.0553924771886,13.9515750408,0
4,7.0199051963,0.0582936056701,0.00126910209656,0
4,6.79927597548,0.0600740524762,2.82795000076,0
4,6.79927597548,0.0600740524762,2.82808208466,0
4,6.79927597548,0.0600740524762,3.74940609932,0
4,6.79927597548,0.0600740524762,3.75070619583,0
4,6.79927597548,0.0600740524762,3.75112605095,0
4,8.00506051779,0.0560895837162,30.9149668217,0
4,8.00506051779,0.0560895837162,30.9153590202,0
4,8.00506051779,0.0560895837162,30.9157459736,0
4,8.00506051779,0.0560895837162,30.9160289764,0
4,8.00506051779,0.0560895837162,32.0909218788,0
4,8.00506051779,0.0560895837162,32.0915198326,0
4,8.00506051779,0.0560895837162,32.0924599171,0
4,8.00506051779,0.0560895837162,32.092854023,0
4,8.00506051779,0.0560895837162,32.0933668613,0
4,8.00506051779,0.0560895837162,32.0937478542,0
4,7.62390267281,0.0567748694876,0.00074577331543,0
4,7.62390267281,0.0567748694876,0.00123381614685,0
4,7.62390267281,0.0567748694876,0.00177788734436,0
4,7.62390267281,0.0567748694876,0.00215482711792,0
4,7.95913431861,0.0570491490953,14.9989988804,0
4,7.95913431861,0.0570491490953,14.9997639656,0
4,7.95913431861,0.0570491490953,15.0003547668,0
5,0.770269870758,0.0190801006545,0.770269870758,0
5,0.770269870758,0.0190801006545,0.770757913589,0
5,0.770269870758,0.0190801006545,0.771176815033,0
5,0.770269870758,0.0190801006545,0.771535873413,0
5,0.770269870758,0.0190801006545,19.4960768223,0
5,0.770269870758,0.0190801006545,19.4965798855,0
5,0.770269870758,0.0190801006545,20.6382420063,0
5,2.82148194313,0.0224335298535,4.8726940155,0
5,2.82148194313,0.0224335298535,4.87319087982,0
5,2.82148194313,0.0224335298535,4.8735730648,0
5,2.82148194313,0.0224335298535,4.87444591522,0
5,2.82148194313,0.0224335298535,4.87479996681,0
5,2.82148194313,0.0224335298535,4.87514591217,0
5,2.82148194313,0.0224335298535,4.87548685074,0
5,2.82148194313,0.0224335298535,4.87585902214,0
5,2.82148194313,0.0224335298535,4.87620306015,0
5,2.82148194313,0.0224335298535,4.87653803825,0
5,2.82148194313,0.0224335298535,5.34982895851,0
5,2.82148194313,0.0224335298535,5.35102295876,0
5,2.82148194313,0.0224335298535,5.35148501396,0
5,2.82148194313,0.0224335298535,5.35191893578,0
5,3.13393998146,0.0258271908983,3.75885605812,0
5,3.13393998146,0.0258271908983,3.77209711075,0
5,3.13393998146,0.0258271908983,3.77348613739,0
5,3.13393998146,0.0258271908983,3.7736120224,0
5,3.13393998146,0.0258271908983,3.77371311188,0
5,3.13393998146,0.0258271908983,3.77380895615,0
5,3.13393998146,0.0258271908983,3.77390313148,0
5,3.13393998146,0.0258271908983,3.77399897575,0
5,2.60014694929,0.023579275285,0.998767852783,0
5,2.60014694929,0.023579275285,0.999389886856,0
5,2.60014694929,0.023579275285,0.999855995178,0
5,2.60014694929,0.023579275285,1.00027298927,0
5,2.60014694929,0.023579275285,1.00071001053,0
5,2.60014694929,0.023579275285,1.00113582611,0
5,2.60014694929,0.023579275285,1.00148701668,0
5,2.60014694929,0.023579275285,1.00193095207,0
5,2.60014694929,0.023579275285,1.00237488747,0
5,2.60014694929,0.023579275285,1.00272202492,0
5,2.60014694929,0.023579275285,1.00305891037,0
5,2.60014694929,0.023579275285,1.00352191925,0
5,2.60014694929,0.023579275285,1.00387382507,0
5,2.60014694929,0.023579275285,1.00421500206,0
5,2.60014694929,0.023579275285,1.00461483002,0
5,2.60014694929,0.023579275285,1.0050330162,0
5,2.60014694929,0.023579275285,1.00537395477,0
5,2.60014694929,0.023579275285,1.00573897362,0
5,2.60014694929,0.023579275285,1.00622296333,0
5,2.60014694929,0.023579275285,1.00657582283,0
5,2.60014694929,0.023579275285,1.88103985786,0
5,2.60014694929,0.023579275285,1.88162899017,0
5,2.60014694929,0.023579275285,1.88202905655,0
5,2.60014694929,0.023579275285,1.8824338913,0
5,2.60014694929,0.023579275285,1.88281393051,0
5,2.60014694929,0.023579275285,1.88315987587,0
5,2.60014694929,0.023579275285,1.88352298737,0
5,2.60014694929,0.023579275285,1.88387084007,0
5,2.60014694929,0.023579275285,1.8842189312,0
5,2.60014694929,0.023579275285,1.88456892967,0
5,2.38260335922,0.0226109191048,1.51242899895,0
5,2.38260335922,0.0226109191048,1.51300311089,0
5,2.38260335922,0.0226109191048,1.51338815689,0
5,2.38260335922,0.0226109191048,1.51380610466,0
5,2.38260335922,0.0226109191048,1.51424098015,0
5,2.38260335922,0.0226109191048,1.51459908485,0
5,2.38260335922,0.0226109191048,1.51494908333,0
5,2.38260335922,0.0226109191048,1.51543903351,0
5,2.38260335922,0.0226109191048,1.51583003998,0
5,2.38260335922,0.0226109191048,2.52171611786,0
5,2.38260335922,0.0226109191048,2.52666306496,0
5,2.38260335922,0.0226109191048,2.53264403343,0
5,2.38260335922,0.0226109191048,2.54001712799,0
5,2.38260335922,0.0226109191048,2.54351115227,0
5,2.38260335922,0.0226109191048,2.54750299454,0
5,2.38260335922,0.0226109191048,2.55234503746,0
5,2.38260335922,0.0226109191048,2.55876016617,0
5,2.38260335922,0.0226109191048,2.56252598763,0
5,2.38260335922,0.0226109191048,2.56777715683,0
5,2.38260335922,0.0226109191048,2.57180213928,0
5,2.38260335922,0.0226109191048,2.57686710358,0
5,2.38260335922,0.0226109191048,2.57976198196,0
5,2.38260335922,0.0226109191048,21.4820780754,0
5,2.38260335922,0.0226109191048,21.482899189,0
5,2.38260335922,0.0226109191048,21.483328104,0
5,2.38260335922,0.0226109191048,21.4837880135,0
5,2.38260335922,0.0226109191048,21.4841849804,0
5,2.38260335922,0.0226109191048,21.484536171,0
5,2.38260335922,0.0226109191048,21.4849209785,0
5,2.38260335922,0.0226109191048,21.4853641987,0
5,2.38260335922,0.0226109191048,21.4857890606,0
5,2.38260335922,0.0226109191048,21.4865870476,0
5,2.38260335922,0.0226109191048,21.4870781898,0
5,2.38260335922,0.0226109191048,21.4874310493,0
5,2.38260335922,0.0226109191048,21.4878110886,0
5,2.38260335922,0.0226109191048,21.4884400368,0
5,2.38260335922,0.0226109191048,21.4888160229,0
5,2.38260335922,0.0226109191048,21.4891831875,0
5,2.38260335922,0.0226109191048,21.4896230698,0
5,2.38260335922,0.0226109191048,21.4899671078,0
5,2.38260335922,0.0226109191048,21.4903051853,0
5,2.38260335922,0.0226109191048,22.1341030598,0
5,2.38260335922,0.0226109191048,22.1347601414,0
5,2.38260335922,0.0226109191048,22.1351521015,0
5,2.38260335922,0.0226109191048,22.1355111599,0
5,2.38260335922,0.0226109191048,23.1375792027,0
5,2.38260335922,0.0226109191048,23.1380600929,0
5,2.38260335922,0.0226109191048,23.1385471821,0
5,2.38260335922,0.0226109191048,23.1389241219,0
5,2.15283747514,0.0243400486852,1.00400805473,0
5,2.15283747514,0.0243400486852,1.8748459816,0
5,2.15283747514,0.0243400486852,1.87537693977,0
5,2.15283747514,0.0243400486852,1.87576508522,0
5,2.15283747514,0.0243400486852,1.87619113922,0
5,2.15283747514,0.0243400486852,1.87669706345,0
5,2.15283747514,0.0243400486852,1.87706804276,0
5,2.15283747514,0.0243400486852,1.87741613388,0
5,2.15283747514,0.0243400486852,1.87776494026,0
5,2.15283747514,0.0243400486852,1.87810397148,0
5,2.15283747514,0.0243400486852,1.8784430027,0
5,2.15283747514,0.0243400486852,1.87878394127,0
5,2.15283747514,0.0243400486852,1.87912416458,0
5,2.15283747514,0.0243400486852,1.87946105003,0
5,2.15283747514,0.0243400486852,1.87979698181,0
5,2.15283747514,0.0243400486852,1.88016104698,0
5,2.15283747514,0.0243400486852,1.88050293922,0
5,2.15283747514,0.0243400486852,1.88083696365,0
5,2.15283747514,0.0243400486852,1.88117194176,0
5,2.15283747514,0.0243400486852,1.88150906563,0
5,2.15283747514,0.0243400486852,2.87727212906,0
5,2.15283747514,0.0243400486852,2.87741303444,0
5,2.15283747514,0.0243400486852,2.87751507759,0
5,2.15283747514,0.0243400486852,2.87761211395,0
5,2.15283747514,0.0243400486852,2.87771105766,0
5,2.15283747514,0.0243400486852,2.87780594826,0
5,2.15283747514,0.0243400486852,2.87799215317,0
5,2.15283747514,0.0243400486852,2.87808704376,0
5,2.15283747514,0.0243400486852,2.87817907333,0
5,2.15283747514,0.0243400486852,25.3817839622,0
5,2.15283747514,0.0243400486852,25.3823180199,0
5,2.15283747514,0.0243400486852,25.382707119,0
5,2.15283747514,0.0243400486852,25.3830690384,0
5,2.15283747514,0.0243400486852,25.3834190369,0
5,2.15283747514,0.0243400486852,25.3837659359,0
5,2.15283747514,0.0243400486852,25.3841760159,0
5,2.15283747514,0.0243400486852,25.3845210075,0
5,2.15283747514,0.0243400486852,25.3848581314,0
5,2.15283747514,0.0243400486852,25.3851981163,0
5,2.15283747514,0.0243400486852,25.3855381012,0
5,2.15283747514,0.0243400486852,25.3858749866,0
5,2.15283747514,0.0243400486852,25.3862099648,0
5,2.15283747514,0.0243400486852,25.3865449429,0
5,2.15283747514,0.0243400486852,25.3868789673,0
5,2.15283747514,0.0243400486852,25.3872151375,0
5,2.15283747514,0.0243400486852,25.3875460625,0
5,2.15283747514,0.0243400486852,25.3878810406,0
5,1.98879466738,0.0238595878026,1.00453782082,0
5,1.98879466738,0.0238595878026,1.00500392914,0
5,1.98879466738,0.0238595878026,1.00532197952,0
5,1.98879466738,0.0238595878026,1.00561594963,0
5,1.98879466738,0.0238595878026,1.00590395927,0
5,1.98879466738,0.0238595878026,1.0061879158,0
5,1.98879466738,0.0238595878026,1.00646686554,0
5,1.98879466738,0.0238595878026,1.00674581528,0
5,1.98879466738,0.0238595878026,1.00702381134,0
5,1.98879466738,0.0238595878026,1.00730776787,0
5,1.98879466738,0.0238595878026,1.0075879097,0
5,1.98879466738,0.0238595878026,1.0080139637,0
5,1.98879466738,0.0238595878026,1.00849199295,0
5,1.98879466738,0.0238595878026,1.00881481171,0
5,1.98879466738,0.0238595878026,1.00910377502,0
5,1.98879466738,0.0238595878026,1.0093858242,0
5,1.98879466738,0.0238595878026,1.78079390526,0
5,1.98879466738,0.0238595878026,1.78599286079,0
5,1.98879466738,0.0238595878026,1.78881597519,0
5,1.98879466738,0.0238595878026,1.79783177376,0
5,1.98879466738,0.0238595878026,1.80116581917,0
5,1.98879466738,0.0238595878026,1.80397891998,0
5,1.98879466738,0.0238595878026,1.81000900269,0
5,1.98879466738,0.0238595878026,1.81424188614,0
5,1.98879466738,0.0238595878026,1.82038784027,0
5,0,0,0,0
5,0,0,0,0
5,0,0,0,0
5,0,0,0,0
5,0,0,0,0
5,0,0,0,0
5,0,0,0,0
5,0,0,0,0
5,0,0,0,0
5,0,0,0,0
5,0,0,0,0
5,0,0,0,0
5,0,0,0,0
5,0,0,0,0
5,0,0,0,0
5,0,0,0,0
5,0.980818986893,0.0112924204473,0.980818986893,0
5,0.980818986893,0.0112924204473,0.981293916702,0
5,0.980818986893,0.0112924204473,0.981672048569,0
5,0.980818986893,0.0112924204473,0.982028961182,0
5,0.980818986893,0.0112924204473,0.982378005981,0
5,0.980818986893,0.0112924204473,0.982752084732,0
5,0.980818986893,0.0112924204473,0.983097076416,0
5,0.980818986893,0.0112924204473,1.7027618885,0
5,0.980818986893,0.0112924204473,1.70455598831,0
5,0.980818986893,0.0112924204473,1.70494294167,0
5,0.980818986893,0.0112924204473,1.70529699326,0
5,0.980818986893,0.0112924204473,1.70563602448,0
5,0.980818986893,0.0112924204473,1.70597290993,0
5,0.980818986893,0.0112924204473,1.70630598068,0
5,0.980818986893,0.0112924204473,2.64566397667,0
5,2.05365145206,0.01338797474,3.12648391724,0
5,2.05365145206,0.01338797474,3.12698602676,0
5,2.05365145206,0.01338797474,3.12740492821,0
5,2.05365145206,0.01338797474,3.12780785561,0
5,2.05365145206,0.01338797474,3.12815499306,0
5,2.05365145206,0.01338797474,3.12849497795,0
5,2.05365145206,0.01338797474,3.12883591652,0
5,2.05365145206,0.01338797474,3.12909007072,0
5,2.05365145206,0.01338797474,3.12915802002,0
5,1.70558428764,0.0148592800806,1.0094499588,0
5,1.70558428764,0.0148592800806,1.01536083221,0
5,1.70558428764,0.0148592800806,1.02333188057,0
5,1.70558428764,0.0148592800806,1.03202795982,0
5,1.70558428764,0.0148592800806,1.04004001617,0
5,1.70558428764,0.0148592800806,1.04861593246,0
5,1.70558428764,0.0148592800806,1.05577588081,0
5,1.70558428764,0.0148592800806,1.06310796738,0
5,1.70558428764,0.0148592800806,1.06987690926,0
5,1.70558428764,0.0148592800806,1.07653093338,0
5,1.70558428764,0.0148592800806,1.0802500248,0
5,1.70558428764,0.0148592800806,1.87469696999,0
5,1.70558428764,0.0148592800806,1.87527179718,0
5,1.70558428764,0.0148592800806,1.87567400932,0
5,1.70558428764,0.0148592800806,1.87610197067,0
5,1.70558428764,0.0148592800806,1.87648081779,0
5,1.70558428764,0.0148592800806,1.87683391571,0
5,1.70558428764,0.0148592800806,1.87718391418,0
5,1.70558428764,0.0148592800806,1.87752699852,0
5,1.70558428764,0.0148592800806,1.87786793709,0
5,1.70558428764,0.0148592800806,1.87821388245,0
5,1.70558428764,0.0148592800806,1.87858700752,0
5,1.70558428764,0.0148592800806,1.878937006,0
5,1.70558428764,0.0148592800806,1.87928295135,0
5,1.70558428764,0.0148592800806,1.8796248436,0
5,1.70558428764,0.0148592800806,1.8799738884,0
5,1.70558428764,0.0148592800806,1.88035082817,0
5,1.70558428764,0.0148592800806,1.88068985939,0
5,1.52946197987,0.0176789500837,1.00109505653,0
5,1.52946197987,0.0176789500837,1.00256514549,0
5,1.52946197987,0.0176789500837,1.00738811493,0
5,1.52946197987,0.0176789500837,1.01045012474,0
5,1.52946197987,0.0176789500837,1.01064300537,0
5,1.52946197987,0.0176789500837,1.01075100899,0
5,1.52946197987,0.0176789500837,1.01084899902,0
5,1.52946197987,0.0176789500837,1.01095509529,0
5,1.52946197987,0.0176789500837,1.011054039,0
5,1.52946197987,0.0176789500837,1.87428116798,0
5,1.52946197987,0.0176789500837,1.87459516525,0
5,1.52946197987,0.0176789500837,1.87482905388,0
5,1.52946197987,0.0176789500837,1.87503409386,0
5,1.52946197987,0.0176789500837,1.87522816658,0
5,1.52946197987,0.0176789500837,1.87542104721,0
5,1.52946197987,0.0176789500837,1.87560796738,0
5,1.52946197987,0.0176789500837,5.62436103821,0
5,1.52946197987,0.0176789500837,5.62489819527,0
5,1.52946197987,0.0176789500837,5.62529206276,0
5,1.52946197987,0.0176789500837,5.62565803528,0
5,1.52946197987,0.0176789500837,5.62601113319,0
5,1.27505216599,0.0190831965226,0.257412910461,0
5,1.27505216599,0.0190831965226,0.261013031006,0
5,1.27505216599,0.0190831965226,0.267316102982,0
5,1.27505216599,0.0190831965226,0.27272105217,0
5,1.27505216599,0.0190831965226,0.499492883682,0
5,1.27505216599,0.0190831965226,0.499631881714,0
5,1.27505216599,0.0190831965226,0.49973988533,0
5,1.27505216599,0.0190831965226,0.499838113785,0
5,1.27505216599,0.0190831965226,0.499941110611,0
5,1.27505216599,0.0190831965226,0.500233888626,0
5,1.27505216599,0.0190831965226,0.500356912613,0
5,1.27505216599,0.0190831965226,0.500475883484,0
5,1.27505216599,0.0190831965226,0.500808000565,0
5,1.27505216599,0.0190831965226,0.501007080078,0
5,1.27505216599,0.0190831965226,0.501168012619,0
5,1.27505216599,0.0190831965226,0.503153085709,0
5,1.27505216599,0.0190831965226,0.506999969482,0
5,1.27505216599,0.0190831965226,0.508529901505,0
5,1.27505216599,0.0190831965226,0.508677005768,0
5,1.27505216599,0.0190831965226,0.50877904892,0
5,1.27505216599,0.0190831965226,0.50887799263,0
5,1.27505216599,0.0190831965226,0.509057044983,0
5,1.27505216599,0.0190831965226,22.6233510971,0
5,1.27505216599,0.0190831965226,22.6235089302,0
5,1.27505216599,0.0190831965226,22.6236128807,0
5,1.27505216599,0.0190831965226,22.6237099171,0
5,1.27505216599,0.0190831965226,22.6238050461,0
5,1.27505216599,0.0190831965226,22.623898983,0
5,1.27505216599,0.0190831965226,22.6239929199,0
5,1.27505216599,0.0190831965226,22.6240849495,0
5,1.27505216599,0.0190831965226,22.6241779327,0
5,1.27505216599,0.0190831965226,22.6242721081,0
5,1.27505216599,0.0190831965226,22.6243638992,0
5,1.27505216599,0.0190831965226,22.6244549751,0
5,1.27505216599,0.0190831965226,22.6245470047,0
5,1.27505216599,0.0190831965226,22.6246380806,0
5,1.27505216599,0.0190831965226,22.6247289181,0
5,1.27505216599,0.0190831965226,22.624819994,0
5,1.27505216599,0.0190831965226,22.6249110699,0
5,1.27505216599,0.0190831965226,22.6250030994,0
5,1.27505216599,0.0190831965226,22.6250939369,0
5,1.27505216599,0.0190831965226,22.6251859665,0
5,1.27505216599,0.0190831965226,23.4965620041,0
5,1.27505216599,0.0190831965226,23.4971990585,0
5,1.27505216599,0.0190831965226,23.4975979328,0
5,1.27505216599,0.0190831965226,23.49883008,0
5,1.27505216599,0.0190831965226,23.4992630482,0
5,1.27505216599,0.0190831965226,23.4997310638,0
5,1.27505216599,0.0190831965226,23.5000839233,0
5,1.20827349027,0.0191465056373,0.874380111694,0
5,1.20827349027,0.0191465056373,0.874878168106,0
5,1.20827349027,0.0191465056373,0.875261068344,0
5,1.20827349027,0.0191465056373,0.875622034073,0
5,1.20827349027,0.0191465056373,0.875975131989,0
5,1.20827349027,0.0191465056373,0.876323223114,0
5,1.20827349027,0.0191465056373,1.87890315056,0
5,1.20827349027,0.0191465056373,1.8790781498,0
5,1.20827349027,0.0191465056373,1.87920117378,0
5,1.20827349027,0.0191465056373,1.87931513786,0
5,1.20827349027,0.0191465056373,1.87947201729,0
5,1.20827349027,0.0191465056373,1.87960100174,0
5,1.20827349027,0.0191465056373,1.87972712517,0
5,1.20827349027,0.0191465056373,1.87985301018,0
5,1.20827349027,0.0191465056373,1.87996721268,0
5,1.20827349027,0.0191465056373,1.88005399704,0
5,1.20827349027,0.0191465056373,1.88013410568,0
5,1.20827349027,0.0191465056373,1.88029813766,0
5,1.20827349027,0.0191465056373,2.74768519402,0
5,1.20827349027,0.0191465056373,2.74821305275,0
5,1.20827349027,0.0191465056373,2.74860715866,0
5,1.20827349027,0.0191465056373,2.74897217751,0
5,1.44654628209,0.0192309616882,2.87618303299,0
5,1.44654628209,0.0192309616882,2.88637089729,0
5,1.44654628209,0.0192309616882,2.90578603745,0
5,1.44654628209,0.0192309616882,2.91797995567,0
5,1.44654628209,0.0192309616882,2.93315696716,0
5,1.44654628209,0.0192309616882,2.93584990501,0
5,1.44654628209,0.0192309616882,2.93950891495,0
5,1.44654628209,0.0192309616882,2.9421608448,0
5,1.44654628209,0.0192309616882,2.94487690926,0
5,1.44654628209,0.0192309616882,2.9463698864,0
5,1.44654628209,0.0192309616882,2.95008397102,0
5,1.44654628209,0.0192309616882,2.95241093636,0
5,1.38390862942,0.0210076713927,0.94544506073,0
5,1.38390862942,0.0210076713927,0.946189880371,0
5,1.38390862942,0.0210076713927,0.946814060211,0
5,1.38390862942,0.0210076713927,0.947500944138,0
5,1.38390862942,0.0210076713927,0.948106050491,0
5,1.38390862942,0.0210076713927,0.948693990707,0
5,1.38390862942,0.0210076713927,0.94935798645,0
5,1.38390862942,0.0210076713927,0.949963092804,0
5,1.38390862942,0.0210076713927,0.95055103302,0
5,1.38390862942,0.0210076713927,0.951143980026,0
5,1.38390862942,0.0210076713927,0.951756000519,0
5,1.38390862942,0.0210076713927,2.06552195549,0
5,1.38390862942,0.0210076713927,2.06602787971,0
5,1.38390862942,0.0210076713927,2.0664088726,0
5,1.38390862942,0.0210076713927,2.06676292419,0
5,1.38390862942,0.0210076713927,2.06748604774,0
5,1.38390862942,0.0210076713927,2.06785798073,0
5,1.2302951018,0.023346691337,0.00138688087463,0
5,1.2302951018,0.023346691337,0.00198101997375,0
5,1.2302951018,0.023346691337,0.00236892700195,0
