ID,timeStamp,packetNumber,sampleNumber,accX,accY,accZ,gyrX,gyrY,gyrZ
6,1496892447,1130,1,-84,-30,26,0,0,0
6,1496892447,1130,2,-84,-30,28,0,0,0
6,1496892447,1130,3,-84,-30,26,0,0,0
6,1496892447,1130,4,-84,-30,28,0,0,0
6,1496892447,1130,5,-86,-30,28,0,0,0
6,1496892447,1130,6,-84,-30,28,0,0,0
6,1496892447,1130,7,-84,-30,28,0,0,0
6,1496892447,1130,8,-84,-30,28,0,0,0
6,1496892447,1130,9,-84,-30,28,0,0,0
6,1496892447,1130,10,-86,-30,26,0,0,0
6,1496892447,1130,11,-84,-30,28,0,0,0
6,1496892447,1130,12,-84,-30,26,0,0,0
6,1496892447,1130,13,-40,66,140,0,-146,-16
6,1496892447,1130,14,-154,-18,-48,0,-222,250
6,1496892447,1130,15,-74,-50,2,0,-62,48
6,1496892447,1130,16,-54,-36,28,0,40,24
6,1496892447,1130,17,-20,-28,-200,0,82,46
6,1496892447,1130,18,0,12,-110,0,-22,18
6,1496892447,1130,19,104,10,-54,0,-126,80
6,1496892447,1130,20,-136,-24,-118,0,56,180
6,1496892448,1131,1,-28,-12,-150,0,250,-60
6,1496892448,1131,2,-134,-6,-32,0,250,-2
6,1496892448,1131,3,-142,-8,6,0,146,-130
6,1496892448,1131,4,-88,0,-34,0,-12,-14
6,1496892448,1131,5,-46,0,16,0,-12,-12
6,1496892448,1131,6,-140,-8,0,0,16,34
6,1496892448,1131,7,-104,-6,4,0,-22,38
6,1496892448,1131,8,-114,-10,2,0,-72,54
6,1496892448,1131,9,-94,2,8,0,-38,116
6,1496892448,1131,10,-102,-12,8,0,-16,38
6,1496892448,1131,11,-116,-2,2,0,-36,-66
6,1496892448,1131,12,-102,2,-2,0,0,-64
6,1496892448,1131,13,-110,4,-6,0,16,-80
6,1496892448,1131,14,-118,8,-4,0,24,-46
6,1496892448,1131,15,-100,10,-28,0,62,-56
6,1496892448,1131,16,-90,22,-12,0,94,-38
6,1496892448,1131,17,-100,18,-6,0,108,36
6,1496892448,1131,18,-102,34,6,0,20,100
6,1496892448,1131,19,-104,-4,-90,0,-116,162
6,1496892448,1131,20,-106,16,-94,0,-74,136
6,1496892449,1132,1,-62,8,-46,0,6,132
6,1496892449,1132,2,-122,22,-30,0,18,50
6,1496892449,1132,3,-68,50,-2,0,64,88
6,1496892449,1132,4,-100,32,-18,0,30,32
6,1496892449,1132,5,-56,52,-10,0,48,-18
6,1496892449,1132,6,-88,44,-22,0,112,34
6,1496892449,1132,7,-64,76,-14,0,122,-26
6,1496892449,1132,8,-100,70,2,0,58,116
6,1496892449,1132,9,-48,88,-6,0,-42,194
6,1496892449,1132,10,-104,56,-18,0,-142,136
6,1496892449,1132,11,-68,60,-20,0,-112,146
6,1496892449,1132,12,-46,62,-22,0,-134,122
6,1496892449,1132,13,-40,74,-30,0,-56,0
6,1496892449,1132,14,-24,70,-42,0,-40,50
6,1496892449,1132,15,-24,86,-22,0,40,-26
6,1496892449,1132,16,-6,96,-24,0,44,-48
6,1496892449,1132,17,-54,102,-14,0,62,-40
6,1496892449,1132,18,-8,122,-4,0,68,10
6,1496892449,1132,19,-36,104,2,0,-40,102
6,1496892449,1132,20,-54,68,-34,0,-64,84
6,1496892450,1133,1,-20,78,-26,0,-70,34
6,1496892450,1133,2,-12,76,-36,0,-60,8
6,1496892450,1133,3,-24,86,-36,0,0,-52
6,1496892450,1133,4,-38,94,-24,0,76,-62
6,1496892450,1133,5,-42,100,-12,0,72,-52
6,1496892450,1133,6,-42,106,-2,0,-2,-4
6,1496892450,1133,7,-40,94,-18,0,-82,34
6,1496892450,1133,8,-40,82,-26,0,-74,20
6,1496892450,1133,9,-28,96,-28,0,-58,-10
6,1496892450,1133,10,-14,90,-34,0,-28,16
6,1496892450,1133,11,-40,76,-28,0,14,-6
6,1496892450,1133,12,-34,90,-24,0,48,-44
6,1496892450,1133,13,-48,96,-16,0,40,-28
6,1496892450,1133,14,-34,92,-12,0,14,-6
6,1496892450,1133,15,-52,90,-14,0,4,-28
6,1496892450,1133,16,-38,92,-18,0,-24,-2
6,1496892450,1133,17,-18,92,24,0,-114,114
6,1496892450,1133,18,-32,56,-38,0,-76,-18
6,1496892450,1133,19,-42,94,-20,0,-30,54
6,1496892450,1133,20,-34,82,-34,0,-52,22
6,1496892451,1134,1,-34,92,-18,0,-26,14
6,1496892451,1134,2,-38,94,-18,0,-18,20
6,1496892451,1134,3,-32,90,-24,0,-12,0
6,1496892451,1134,4,-26,94,-32,0,-58,20
6,1496892451,1134,5,-32,92,-30,0,-22,8
6,1496892451,1134,6,-30,88,-26,0,-106,16
6,1496892451,1134,7,-44,86,-28,0,-18,0
6,1496892451,1134,8,-24,86,-32,0,-92,34
6,1496892451,1134,9,-40,88,-40,0,-62,36
6,1496892451,1134,10,-34,94,-40,0,8,14
6,1496892451,1134,11,-22,88,-30,0,-20,60
6,1496892451,1134,12,-44,98,-20,0,-2,0
6,1496892451,1134,13,-26,92,-38,0,-6,12
6,1496892451,1134,14,-46,86,-26,0,12,12
6,1496892451,1134,15,-34,88,-44,0,12,14
6,1496892451,1134,16,-20,90,-34,0,-8,4
6,1496892451,1134,17,-38,90,-34,0,-48,56
6,1496892451,1134,18,-20,94,-32,0,-2,30
6,1496892451,1134,19,-20,100,-12,0,-4,-24
6,1496892451,1134,20,-10,92,-38,0,0,16
6,1496892452,1135,1,-10,98,-32,0,-34,12
6,1496892452,1135,2,-26,96,-32,0,-58,20
6,1496892452,1135,3,-20,94,-38,0,-8,20
6,1496892452,1135,4,-14,102,-24,0,-94,-10
6,1496892452,1135,5,-22,100,-28,0,-98,0
6,1496892452,1135,6,-18,96,-40,0,-74,2
6,1496892452,1135,7,-16,98,-40,0,-60,-6
6,1496892452,1135,8,-24,102,-28,0,-10,0
6,1496892452,1135,9,-26,98,-30,0,20,-16
6,1496892452,1135,10,-22,96,-26,0,14,-14
6,1496892452,1135,11,-24,84,-30,0,26,-4
6,1496892452,1135,12,-30,84,-26,0,-10,14
6,1496892452,1135,13,-28,84,-26,0,-8,14
6,1496892452,1135,14,-16,96,-26,0,12,-2
6,1496892452,1135,15,-28,104,-16,0,-30,26
6,1496892452,1135,16,-28,94,-20,0,-34,26
6,1496892452,1135,17,-26,98,-24,0,-8,2
6,1496892452,1135,18,-22,102,-20,0,-12,10
6,1496892452,1135,19,-20,96,-24,0,-20,14
6,1496892452,1135,20,-18,98,-28,0,-26,2
6,1496892452,1136,1,-28,104,-20,0,-6,-2
6,1496892452,1136,2,-24,92,-28,0,8,4
6,1496892452,1136,3,-20,102,-22,0,-4,-4
6,1496892452,1136,4,-18,92,-32,0,-18,14
6,1496892452,1136,5,-22,88,-34,0,-4,-16
6,1496892452,1136,6,-22,92,-36,0,2,-12
6,1496892452,1136,7,-26,92,-40,0,-8,6
6,1496892452,1136,8,-18,100,-44,0,0,-2
6,1496892452,1136,9,-6,100,-34,0,34,24
6,1496892452,1136,10,-16,100,-28,0,-6,8
6,1496892452,1136,11,-26,92,-20,0,-4,0
6,1496892452,1136,12,-24,92,-20,0,-8,14
6,1496892452,1136,13,-26,90,-18,0,-2,0
6,1496892452,1136,14,-26,84,-22,0,6,2
6,1496892452,1136,15,-22,88,-24,0,-4,10
6,1496892452,1136,16,-20,88,-22,0,-2,4
6,1496892452,1136,17,-30,88,-28,0,-18,0
6,1496892452,1136,18,-22,98,-26,0,-4,22
6,1496892452,1136,19,-16,110,-14,0,-8,32
6,1496892452,1136,20,-10,108,-18,0,-4,38
6,1496892453,1137,1,-8,100,-30,0,0,0
6,1496892453,1137,2,-14,92,-26,0,6,-8
6,1496892453,1137,3,-10,96,-26,0,2,-4
6,1496892453,1137,4,-16,98,-24,0,-12,8
6,1496892453,1137,5,-8,98,-28,0,-2,12
6,1496892453,1137,6,-8,94,-30,0,-12,14
6,1496892453,1137,7,-18,96,-26,0,-22,2
6,1496892453,1137,8,-26,100,-34,0,-22,10
6,1496892453,1137,9,-14,104,-36,0,4,4
6,1496892453,1137,10,-10,112,-44,0,20,14
6,1496892453,1137,11,8,106,-46,0,36,12
6,1496892453,1137,12,0,96,-34,0,8,-14
6,1496892453,1137,13,-6,92,-22,0,18,-28
6,1496892453,1137,14,-16,78,-30,0,30,-6
6,1496892453,1137,15,-16,98,-34,0,18,-12
6,1496892453,1137,16,-10,98,-36,0,-2,16
6,1496892453,1137,17,-8,98,-46,0,-6,14
6,1496892453,1137,18,-2,92,-46,0,6,30
6,1496892453,1137,19,-6,84,-50,0,-2,38
6,1496892453,1137,20,6,92,-38,0,-8,2
6,1496892454,1138,1,4,84,-40,0,-4,-12
6,1496892454,1138,2,-2,104,-26,0,-14,-10
6,1496892454,1138,3,12,110,-34,0,-58,-42
6,1496892454,1138,4,-12,100,-24,0,34,-54
6,1496892454,1138,5,-6,118,-36,0,12,-8
6,1496892454,1138,6,-34,110,-48,0,-26,2
6,1496892454,1138,7,-20,98,-16,0,0,2
6,1496892454,1138,8,-4,96,-28,0,-36,-12
6,1496892454,1138,9,-12,90,-12,0,-18,-34
6,1496892454,1138,10,-20,84,-4,0,14,-44
6,1496892454,1138,11,-22,78,-12,0,36,-14
6,1496892454,1138,12,-20,86,-10,0,12,-16
6,1496892454,1138,13,-18,96,-26,0,0,10
6,1496892454,1138,14,-20,90,-24,0,-38,10
6,1496892454,1138,15,-24,90,-32,0,0,8
6,1496892454,1138,16,-14,110,-36,0,26,16
6,1496892454,1138,17,-16,102,-28,0,18,0
6,1496892454,1138,18,-18,100,-36,0,-26,-14
6,1496892454,1138,19,-16,94,-30,0,-4,-14
6,1496892454,1138,20,-14,96,-36,0,14,34
6,1496892455,1139,1,-20,98,-26,0,0,-14
6,1496892455,1139,2,-24,94,-30,0,-18,-8
6,1496892455,1139,3,-20,96,-28,0,-32,-36
6,1496892455,1139,4,-26,92,-24,0,-4,-6
6,1496892455,1139,5,-28,92,-28,0,-14,-14
6,1496892455,1139,6,-26,94,-24,0,14,10
6,1496892455,1139,7,-26,90,-32,0,0,2
6,1496892455,1139,8,-24,96,-30,0,4,4
6,1496892455,1139,9,-22,94,-34,0,2,12
6,1496892455,1139,10,-22,94,-34,0,-14,0
6,1496892455,1139,11,-28,98,-28,0,-10,2
6,1496892455,1139,12,-22,92,-36,0,0,0
6,1496892455,1139,13,-24,98,-30,0,0,-4
6,1496892455,1139,14,-24,94,-32,0,0,4
6,1496892455,1139,15,-26,94,-30,0,-2,-6
6,1496892455,1139,16,-24,90,-30,0,0,2
6,1496892455,1139,17,-26,96,-28,0,-2,-4
6,1496892455,1139,18,-26,94,-32,0,0,-6
6,1496892455,1139,19,-28,94,-30,0,0,0
6,1496892455,1139,20,-26,96,-34,0,-2,-4
6,1496892456,1140,1,-24,94,-32,0,6,6
6,1496892456,1140,2,-26,94,-32,0,2,-4
6,1496892456,1140,3,-26,96,-32,0,-8,8
6,1496892456,1140,4,-26,96,-30,0,0,0
6,1496892456,1140,5,-26,94,-32,0,-4,0
6,1496892456,1140,6,-28,92,-34,0,-20,-6
6,1496892456,1140,7,-26,94,-34,0,-2,-4
6,1496892456,1140,8,-28,92,-36,0,0,0
6,1496892456,1140,9,-28,90,-36,0,2,0
6,1496892456,1140,10,-26,94,-38,0,-2,2
6,1496892456,1140,11,-28,92,-38,0,2,-4
6,1496892456,1140,12,-28,92,-38,0,0,-2
6,1496892456,1140,13,-30,88,-36,0,0,-6
6,1496892456,1140,14,-28,88,-38,0,2,-10
6,1496892456,1140,15,-30,88,-32,0,-4,0
6,1496892456,1140,16,-32,88,-32,0,6,-4
6,1496892456,1140,17,-28,96,-38,0,20,-22
6,1496892456,1140,18,-32,94,-26,0,-6,-6
6,1496892456,1140,19,-32,98,-24,0,26,0
6,1496892456,1140,20,-30,96,-22,0,4,-6
6,1496892457,1141,1,-30,96,-14,0,2,20
6,1496892457,1141,2,-30,96,-24,0,-16,8
6,1496892457,1141,3,-30,94,-26,0,0,-2
6,1496892457,1141,4,-32,90,-26,0,0,-16
6,1496892457,1141,5,-30,94,-28,0,-4,-10
6,1496892457,1141,6,-36,84,-26,0,22,-4
6,1496892457,1141,7,-30,90,-32,0,-14,-10
6,1496892457,1141,8,-34,90,-32,0,6,10
6,1496892457,1141,9,-34,90,-36,0,2,-10
6,1496892457,1141,10,-36,90,-30,0,8,8
6,1496892457,1141,11,-34,86,-32,0,-4,-18
6,1496892457,1141,12,-34,84,-28,0,0,4
6,1496892457,1141,13,-34,92,-34,0,-24,12
6,1496892457,1141,14,-30,90,-32,0,0,-6
6,1496892457,1141,15,-32,92,-36,0,0,54
6,1496892457,1141,16,-28,98,-22,2,4,14
6,1496892457,1141,17,-24,96,-34,2,-24,4
6,1496892457,1141,18,-30,110,-30,2,-18,28
6,1496892457,1141,19,-26,102,-36,2,-14,-12
6,1496892457,1141,20,-38,98,-26,2,-8,-2
6,1496892458,1142,1,-32,86,-26,2,-8,-20
6,1496892458,1142,2,-34,86,-20,2,-8,-16
6,1496892458,1142,3,-28,78,-30,2,-2,2
6,1496892458,1142,4,-30,84,-32,2,4,6
6,1496892458,1142,5,-30,94,-36,2,0,22
6,1496892458,1142,6,-34,96,-36,2,8,8
6,1496892458,1142,7,-30,96,-34,2,-8,-2
6,1496892458,1142,8,-30,92,-28,2,20,-2
6,1496892458,1142,9,-28,90,-34,2,-12,-16
6,1496892458,1142,10,-30,92,-28,2,8,0
6,1496892458,1142,11,-26,94,-42,2,-12,2
6,1496892458,1142,12,-32,96,-32,2,4,0
6,1496892458,1142,13,-34,92,-34,2,0,10
6,1496892458,1142,14,-34,90,-30,2,0,2
6,1496892458,1142,15,-30,92,-34,2,2,-2
6,1496892458,1142,16,-32,90,-32,2,4,0
6,1496892458,1142,17,-30,88,-36,2,-4,-10
6,1496892458,1142,18,-32,88,-30,2,0,10
6,1496892458,1142,19,-26,88,-36,2,-10,24
6,1496892458,1142,20,-28,96,-32,2,-4,22
6,1496892459,1143,1,-26,96,-36,2,-10,2
6,1496892459,1143,2,-28,92,-36,2,-10,0
6,1496892459,1143,3,-28,90,-34,2,2,0
6,1496892459,1143,4,-30,94,-36,2,0,-4
6,1496892459,1143,5,-28,90,-36,2,4,6
6,1496892459,1143,6,-30,90,-36,2,-6,-2
6,1496892459,1143,7,-26,94,-42,2,4,6
6,1496892459,1143,8,-26,96,-38,2,4,4
6,1496892459,1143,9,-28,98,-36,2,2,12
6,1496892459,1143,10,-30,96,-36,0,30,-2
6,1496892459,1143,11,-30,102,-24,0,66,-60
6,1496892459,1143,12,-26,82,-34,0,-8,-18
6,1496892459,1143,13,-22,92,-32,0,26,-24
6,1496892459,1143,14,-22,86,-30,0,0,2
6,1496892459,1143,15,-32,88,-36,0,-6,-22
6,1496892459,1143,16,-24,90,-30,0,14,20
6,1496892459,1143,17,-32,90,-28,0,-22,2
6,1496892459,1143,18,-34,92,-30,0,14,-16
6,1496892459,1143,19,-36,90,-28,0,-6,24
6,1496892459,1143,20,-32,90,-34,0,-4,-22
6,1496892460,1144,1,-30,90,-38,0,26,2
6,1496892460,1144,2,-34,88,-30,0,30,-6
6,1496892460,1144,3,0,66,-38,0,-16,-24
6,1496892460,1144,4,-34,88,-42,0,-2,12
6,1496892460,1144,5,-32,88,-42,0,14,6
6,1496892460,1144,6,-28,84,-42,0,6,4
6,1496892460,1144,7,-28,88,-38,0,14,8
6,1496892460,1144,8,-26,86,-46,0,-4,0
6,1496892460,1144,9,-30,88,-46,0,-6,2
6,1496892460,1144,10,-32,86,-50,0,-32,20
6,1496892460,1144,11,-32,88,-44,0,-14,-10
6,1496892460,1144,12,-30,88,-48,0,-8,4
6,1496892460,1144,13,-30,88,-46,0,-12,20
6,1496892460,1144,14,-28,94,-40,0,-4,0
6,1496892460,1144,15,-30,88,-40,0,-12,0
6,1496892460,1144,16,-16,84,-44,0,-8,0
6,1496892460,1144,17,-32,86,-40,0,8,10
6,1496892460,1144,18,-30,80,-44,0,0,2
6,1496892460,1144,19,-32,96,-38,0,12,8
6,1496892460,1144,20,-30,94,-46,0,2,4
6,1496892461,1145,1,-30,98,-38,0,10,-10
6,1496892461,1145,2,-30,90,-42,0,0,-12
6,1496892461,1145,3,-34,98,-36,0,16,-4
6,1496892461,1145,4,-32,82,-40,0,-2,2
6,1496892461,1145,5,-32,78,-34,0,-10,-22
6,1496892461,1145,6,-30,90,-36,0,8,-20
6,1496892461,1145,7,-34,80,-42,0,8,-8
6,1496892461,1145,8,-28,94,-40,0,4,-2
6,1496892461,1145,9,-32,86,-42,0,-6,14
6,1496892461,1145,10,-32,88,-42,0,6,0
6,1496892461,1145,11,-32,92,-34,0,12,-14
6,1496892461,1145,12,-34,84,-32,0,0,6
6,1496892461,1145,13,-36,90,-28,0,2,4
6,1496892461,1145,14,-32,92,-28,0,-8,2
6,1496892461,1145,15,-36,80,-30,0,0,14
6,1496892461,1145,16,-62,72,-12,0,-74,6
6,1496892461,1145,17,-28,98,-34,2,0,86
6,1496892461,1145,18,-24,88,-40,2,64,-42
6,1496892461,1145,19,-22,124,-16,2,0,34
6,1496892461,1145,20,-26,108,-34,2,26,-48
6,1496892462,1146,1,-28,108,-32,2,-4,28
6,1496892462,1146,2,-30,96,-26,2,12,-8
6,1496892462,1146,3,-28,84,-30,2,-2,-16
6,1496892462,1146,4,-24,82,-26,2,0,-2
6,1496892462,1146,5,-26,74,-30,2,12,-16
6,1496892462,1146,6,-26,90,-34,2,6,30
6,1496892462,1146,7,-30,98,-32,2,0,8
6,1496892462,1146,8,-28,96,-38,2,6,-6
6,1496892462,1146,9,-22,98,-38,2,0,6
6,1496892462,1146,10,-22,94,-36,2,12,-8
6,1496892462,1146,11,-26,92,-30,2,-4,0
6,1496892462,1146,12,-26,92,-32,2,10,0
6,1496892462,1146,13,-26,90,-38,2,0,0
6,1496892462,1146,14,-26,96,-38,2,10,6
6,1496892462,1146,15,-24,96,-42,2,2,0
6,1496892462,1146,16,-28,92,-34,2,6,-6
6,1496892462,1146,17,-24,92,-40,2,0,-4
6,1496892462,1146,18,-26,88,-38,2,4,0
6,1496892462,1146,19,-26,90,-38,2,6,-2
6,1496892462,1146,20,-24,88,-40,2,6,2
6,1496892463,1147,1,-24,90,-40,2,0,0
6,1496892463,1147,2,-24,96,-40,2,0,4
6,1496892463,1147,3,-28,92,-40,2,2,-2
6,1496892463,1147,4,-26,92,-44,2,6,10
6,1496892463,1147,5,-26,92,-38,2,16,18
6,1496892463,1147,6,-22,90,-40,2,8,2
6,1496892463,1147,7,-24,88,-42,2,4,-4
6,1496892463,1147,8,-22,90,-42,2,0,-6
6,1496892463,1147,9,-26,92,-38,2,0,6
6,1496892463,1147,10,-24,92,-42,2,-6,-2
6,1496892463,1147,11,-24,94,-40,2,-4,0
6,1496892463,1147,12,-24,88,-40,2,0,-4
6,1496892463,1147,13,-26,90,-40,2,-6,-4
6,1496892463,1147,14,-26,92,-42,2,8,-2
6,1496892463,1147,15,-24,90,-42,2,0,-6
6,1496892463,1147,16,-24,90,-42,2,8,0
6,1496892463,1147,17,-28,84,-40,2,-6,-4
6,1496892463,1147,18,-30,88,-38,2,2,-6
6,1496892463,1147,19,-28,90,-40,2,-6,4
6,1496892463,1147,20,-26,98,-38,2,12,-2
6,1496892464,1148,1,-18,112,-52,0,38,-12
6,1496892464,1148,2,-42,82,8,0,4,52
6,1496892464,1148,3,-18,88,-34,0,14,-30
6,1496892464,1148,4,-20,90,-34,0,-8,-18
6,1496892464,1148,5,-28,90,-22,0,-14,22
6,1496892464,1148,6,-24,94,-36,0,0,0
6,1496892464,1148,7,-26,102,-34,0,-10,-8
6,1496892464,1148,8,-26,84,-40,0,16,-2
6,1496892464,1148,9,-26,94,-26,0,0,30
6,1496892464,1148,10,-26,92,-38,0,-42,-18
6,1496892464,1148,11,-36,90,-36,0,-4,-28
6,1496892464,1148,12,-32,86,-36,0,10,-12
6,1496892464,1148,13,-30,88,-36,0,28,-20
6,1496892464,1148,14,-30,84,-32,0,28,-42
6,1496892464,1148,15,-40,80,-40,0,8,-32
6,1496892464,1148,16,-200,-56,10,0,-32,-98
6,1496892464,1148,17,102,198,-130,0,80,-36
6,1496892464,1148,18,-24,72,-28,0,80,236
6,1496892464,1148,19,-32,66,-78,0,-94,44
6,1496892464,1148,20,-46,98,-56,0,-48,40
6,1496892465,1149,1,-30,86,-58,0,-12,-4
6,1496892465,1149,2,-34,84,-62,0,-30,-38
6,1496892465,1149,3,-48,80,-42,0,0,-46
6,1496892465,1149,4,-44,94,-62,0,32,-40
6,1496892465,1149,5,-44,70,-44,0,-16,0
6,1496892465,1149,6,-44,78,-48,0,6,-4
6,1496892465,1149,7,-42,72,-54,0,-6,-12
6,1496892465,1149,8,-46,74,-62,0,-28,4
6,1496892465,1149,9,-46,72,-56,0,18,-20
6,1496892465,1149,10,-40,74,-56,0,-2,-8
6,1496892465,1149,11,-50,74,-52,0,2,6
6,1496892465,1149,12,-42,72,-56,0,-18,-26
6,1496892465,1149,13,-46,84,-62,0,8,6
6,1496892465,1149,14,-44,72,-56,0,10,-8
6,1496892465,1149,15,-48,72,-58,0,-10,16
6,1496892465,1149,16,-44,76,-52,0,16,18
6,1496892465,1149,17,-48,70,-56,0,-20,6
6,1496892465,1149,18,-48,72,-58,0,-6,-16
6,1496892465,1149,19,-48,78,-50,0,-10,-6
6,1496892465,1149,20,-50,66,-62,0,0,-4
6,1496892466,1150,1,-46,80,-44,0,-52,-6
6,1496892466,1150,2,-44,72,-50,0,2,0
6,1496892466,1150,3,-38,74,-58,2,-22,28
6,1496892466,1150,4,-50,98,-44,2,-50,-52
6,1496892466,1150,5,-52,78,-54,2,32,46
6,1496892466,1150,6,-54,90,-52,2,-4,10
6,1496892466,1150,7,-54,80,-50,2,-6,-18
6,1496892466,1150,8,-56,76,-40,2,4,-6
6,1496892466,1150,9,-56,70,-42,2,-8,-14
6,1496892466,1150,10,-52,64,-40,2,0,0
6,1496892466,1150,11,-46,64,-50,2,6,-8
6,1496892466,1150,12,-52,66,-48,2,4,4
6,1496892466,1150,13,-52,78,-54,2,10,12
6,1496892466,1150,14,-52,74,-50,2,0,8
6,1496892466,1150,15,-50,74,-50,2,0,0
6,1496892466,1150,16,-48,78,-54,2,-6,8
6,1496892466,1150,17,-52,74,-50,2,6,6
6,1496892466,1150,18,-52,74,-50,2,0,-10
6,1496892466,1150,19,-52,76,-52,2,-10,-14
6,1496892466,1150,20,-52,70,-52,2,12,6
6,1496892467,1151,1,-50,70,-54,2,-6,-2
6,1496892467,1151,2,-50,74,-48,2,6,4
6,1496892467,1151,3,-50,72,-56,2,0,0
6,1496892467,1151,4,-52,76,-48,2,2,-4
6,1496892467,1151,5,-52,74,-52,2,4,8
6,1496892467,1151,6,-54,70,-50,2,-2,-4
6,1496892467,1151,7,-52,72,-52,2,2,0
6,1496892467,1151,8,-52,72,-52,2,4,-2
6,1496892467,1151,9,-52,72,-52,2,2,-16
6,1496892467,1151,10,-54,74,-48,2,30,-32
6,1496892467,1151,11,-52,68,-48,2,38,2
6,1496892467,1151,12,-52,72,-54,2,2,4
6,1496892467,1151,13,-54,72,-46,2,2,4
6,1496892467,1151,14,-50,74,-56,2,4,8
6,1496892467,1151,15,-52,74,-50,2,-2,6
6,1496892467,1151,16,-50,78,-50,2,0,-4
6,1496892467,1151,17,-50,66,-52,2,6,0
6,1496892467,1151,18,-50,80,-54,2,10,2
6,1496892467,1151,19,-52,74,-52,2,-4,-6
6,1496892467,1151,20,-52,72,-50,2,0,2
6,1496892467,1152,1,-50,72,-52,2,2,2
6,1496892467,1152,2,-50,66,-48,2,10,14
6,1496892467,1152,3,-56,72,-46,2,20,0
6,1496892467,1152,4,-44,104,-52,2,48,12
6,1496892467,1152,5,-42,64,-54,0,42,-8
6,1496892467,1152,6,-52,68,-54,0,30,-24
6,1496892467,1152,7,-32,90,-48,0,20,16
6,1496892467,1152,8,-48,84,-40,0,-14,-14
6,1496892467,1152,9,-44,60,-52,0,26,-40
6,1496892467,1152,10,-44,72,-48,0,20,2
6,1496892467,1152,11,-46,86,-58,0,-12,4
6,1496892467,1152,12,-48,82,-46,0,-20,18
6,1496892467,1152,13,-52,74,-46,0,-30,-8
6,1496892467,1152,14,-48,78,-56,0,-56,10
6,1496892467,1152,15,-50,72,-54,0,-4,-6
6,1496892467,1152,16,-44,76,-56,0,-66,8
6,1496892467,1152,17,-50,64,-42,0,-22,16
6,1496892467,1152,18,-36,102,-62,0,-18,30
6,1496892467,1152,19,-60,64,-38,0,-32,34
6,1496892467,1152,20,-50,84,-58,0,4,8
6,1496892468,1153,1,-48,80,-44,0,4,-6
6,1496892468,1153,2,-42,84,-42,0,-6,0
6,1496892468,1153,3,-54,72,-46,0,6,0
6,1496892468,1153,4,-54,76,-46,0,4,-6
6,1496892468,1153,5,-50,78,-48,0,14,-4
6,1496892468,1153,6,-46,78,-54,0,18,-6
6,1496892468,1153,7,-44,76,-52,0,14,-10
6,1496892468,1153,8,-44,76,-54,0,0,0
6,1496892468,1153,9,-48,70,-50,0,0,4
6,1496892468,1153,10,-48,80,-54,0,12,4
6,1496892468,1153,11,-46,68,-54,0,0,0
6,1496892468,1153,12,-48,76,-50,0,14,8
6,1496892468,1153,13,-46,74,-54,0,10,4
6,1496892468,1153,14,-46,74,-56,0,0,-2
6,1496892468,1153,15,-46,74,-56,0,0,-6
6,1496892468,1153,16,-46,70,-58,0,2,0
6,1496892468,1153,17,-46,72,-56,0,-6,-4
6,1496892468,1153,18,-46,72,-58,0,0,2
6,1496892468,1153,19,-46,76,-56,0,2,0
6,1496892468,1153,20,-46,74,-58,0,-8,-2
6,1496892469,1154,1,-50,72,-52,0,2,0
6,1496892469,1154,2,-50,70,-54,0,-12,-4
6,1496892469,1154,3,-52,72,-62,0,2,-4
6,1496892469,1154,4,-46,74,-60,0,8,26
6,1496892469,1154,5,-48,66,-58,0,-30,-4
6,1496892469,1154,6,-50,70,-58,0,-2,-2
6,1496892469,1154,7,-52,72,-54,0,8,-8
6,1496892469,1154,8,-46,72,-58,0,-4,-10
6,1496892469,1154,9,-52,74,-60,0,12,6
6,1496892469,1154,10,-46,72,-54,0,26,-10
6,1496892469,1154,11,-52,66,-52,0,-34,10
6,1496892469,1154,12,-48,76,-60,0,16,0
6,1496892469,1154,13,-50,70,-52,0,-32,12
6,1496892469,1154,14,-54,80,-54,0,-6,-14
6,1496892469,1154,15,-54,70,-52,0,-2,26
6,1496892469,1154,16,-50,74,-54,0,-4,-12
6,1496892469,1154,17,-52,74,-52,0,0,6
6,1496892469,1154,18,-50,68,-58,0,0,-4
6,1496892469,1154,19,-50,70,-50,0,0,8
6,1496892469,1154,20,-50,72,-56,0,0,8
6,1496892470,1155,1,-54,74,-54,0,-4,0
6,1496892470,1155,2,-54,70,-50,2,4,4
6,1496892470,1155,3,-52,74,-56,2,-6,-4
6,1496892470,1155,4,-52,70,-54,2,4,2
6,1496892470,1155,5,-52,70,-56,2,-4,0
6,1496892470,1155,6,-52,74,-54,2,8,4
6,1496892470,1155,7,-50,72,-56,2,-6,2
6,1496892470,1155,8,-52,70,-58,2,4,0
6,1496892470,1155,9,-50,68,-56,2,0,6
6,1496892470,1155,10,-52,68,-54,2,-2,8
6,1496892470,1155,11,-48,70,-56,2,0,6
6,1496892470,1155,12,-50,74,-56,2,2,6
6,1496892470,1155,13,-48,72,-56,2,2,2
6,1496892470,1155,14,-50,74,-56,2,-8,0
6,1496892470,1155,15,-50,72,-52,2,4,-2
6,1496892470,1155,16,-52,74,-50,2,-4,2
6,1496892470,1155,17,-50,74,-54,2,6,0
6,1496892470,1155,18,-50,72,-56,2,0,6
6,1496892470,1155,19,-48,72,-56,2,0,2
6,1496892470,1155,20,-50,68,-56,2,2,-2
6,1496892471,1156,1,-50,74,-56,2,2,4
6,1496892471,1156,2,-48,74,-58,2,2,4
6,1496892471,1156,3,-50,74,-58,2,-2,0
6,1496892471,1156,4,-50,74,-56,2,0,0
6,1496892471,1156,5,-50,74,-56,2,2,2
6,1496892471,1156,6,-48,74,-56,2,0,2
6,1496892471,1156,7,-48,74,-58,2,4,0
6,1496892471,1156,8,-48,74,-54,2,-6,4
6,1496892471,1156,9,-52,72,-52,2,0,-4
6,1496892471,1156,10,-48,78,-56,2,6,-2
6,1496892471,1156,11,-50,72,-54,2,-2,-6
6,1496892471,1156,12,-52,68,-50,2,4,2
6,1496892471,1156,13,-50,72,-52,2,-2,6
6,1496892471,1156,14,-48,80,-54,0,14,8
6,1496892471,1156,15,-42,74,-54,0,8,2
6,1496892471,1156,16,-48,74,-48,0,4,0
6,1496892471,1156,17,-50,80,-50,0,8,8
6,1496892471,1156,18,-48,76,-48,0,-4,0
6,1496892471,1156,19,-48,76,-48,0,10,2
6,1496892471,1156,20,-42,70,-56,0,-26,0
6,1496892472,1157,1,-38,74,-46,0,10,-10
6,1496892472,1157,2,-46,74,-50,0,18,4
6,1496892472,1157,3,-46,70,-48,0,4,8
6,1496892472,1157,4,-44,84,-52,0,2,12
6,1496892472,1157,5,-44,80,-50,0,0,10
6,1496892472,1157,6,-48,76,-46,0,14,-2
6,1496892472,1157,7,-42,68,-50,0,18,14
6,1496892472,1157,8,-34,66,-58,0,6,34
6,1496892472,1157,9,-36,86,-52,0,-2,42
6,1496892472,1157,10,-34,92,-56,0,-4,32
6,1496892472,1157,11,-36,92,-46,0,-12,16
6,1496892472,1157,12,-34,90,-48,0,6,12
6,1496892472,1157,13,-28,86,-48,0,-6,16
6,1496892472,1157,14,-38,86,-40,0,-20,6
6,1496892472,1157,15,-32,90,-46,0,-4,12
6,1496892472,1157,16,-34,90,-42,0,-8,12
6,1496892472,1157,17,-30,90,-44,0,-4,4
6,1496892472,1157,18,-32,86,-38,0,-4,8
6,1496892472,1157,19,-30,86,-40,0,0,0
6,1496892472,1157,20,-32,90,-42,0,-10,2
6,1496892473,1158,1,-34,88,-40,0,-2,10
6,1496892473,1158,2,-26,90,-46,0,0,0
6,1496892473,1158,3,-30,90,-40,0,-16,4
6,1496892473,1158,4,-30,90,-40,0,0,6
6,1496892473,1158,5,-30,90,-40,0,-6,4
6,1496892473,1158,6,-34,88,-36,0,0,6
6,1496892473,1158,7,-30,88,-42,0,-2,-2
6,1496892473,1158,8,-30,86,-38,0,-2,4
6,1496892473,1158,9,-28,90,-42,0,2,6
6,1496892473,1158,10,-28,94,-44,0,-6,2
6,1496892473,1158,11,-30,94,-40,0,0,4
6,1496892473,1158,12,-28,92,-40,0,-2,-4
6,1496892473,1158,13,-30,88,-36,0,2,4
6,1496892473,1158,14,-28,86,-38,0,-2,-2
6,1496892473,1158,15,-30,86,-40,0,0,2
6,1496892473,1158,16,-28,90,-40,0,-6,6
6,1496892473,1158,17,-30,90,-42,0,-2,14
6,1496892473,1158,18,-26,94,-48,0,-18,14
6,1496892473,1158,19,-32,90,-38,0,14,-12
6,1496892473,1158,20,-26,90,-44,0,-10,4
6,1496892474,1159,1,-30,90,-40,0,-6,2
6,1496892474,1159,2,-26,82,-48,0,-10,-16
6,1496892474,1159,3,-30,86,-44,0,-4,2
6,1496892474,1159,4,-30,90,-42,0,-8,-12
6,1496892474,1159,5,-32,90,-42,0,-8,-12
6,1496892474,1159,6,-30,90,-42,0,0,0
6,1496892474,1159,7,-32,88,-44,0,-2,0
6,1496892474,1159,8,-32,92,-46,0,-8,-4
6,1496892474,1159,9,-32,86,-46,0,4,-8
6,1496892474,1159,10,-32,86,-44,0,-10,-4
6,1496892474,1159,11,-34,86,-46,2,2,-10
6,1496892474,1159,12,-36,82,-44,2,0,0
6,1496892474,1159,13,-36,86,-44,2,0,4
6,1496892474,1159,14,-34,86,-46,2,0,0
6,1496892474,1159,15,-34,88,-44,2,0,0
6,1496892474,1159,16,-34,86,-46,2,4,0
6,1496892474,1159,17,-34,86,-44,2,-6,4
6,1496892474,1159,18,-36,84,-42,2,0,0
6,1496892474,1159,19,-34,86,-44,2,0,0
6,1496892474,1159,20,-34,86,-44,2,-2,2
6,1496892475,1160,1,-34,84,-44,2,0,0
6,1496892475,1160,2,-34,84,-44,2,0,0
6,1496892475,1160,3,-34,88,-44,2,2,0
6,1496892475,1160,4,-34,88,-44,2,0,0
6,1496892475,1160,5,-36,86,-44,2,0,0
6,1496892475,1160,6,-34,86,-44,2,0,2
6,1496892475,1160,7,-34,86,-44,2,2,0
6,1496892475,1160,8,-34,88,-44,2,0,0
6,1496892475,1160,9,-36,88,-42,2,2,0
6,1496892475,1160,10,-34,86,-46,2,-2,0
6,1496892475,1160,11,-36,84,-44,2,0,0
6,1496892475,1160,12,-34,86,-46,2,0,2
6,1496892475,1160,13,-36,86,-42,2,0,0
6,1496892475,1160,14,-34,88,-44,2,0,4
6,1496892475,1160,15,-38,88,-42,2,0,2
6,1496892475,1160,16,-36,88,-44,2,0,0
6,1496892475,1160,17,-36,86,-42,2,0,0
6,1496892475,1160,18,-36,84,-44,2,2,0
6,1496892475,1160,19,-34,88,-44,2,2,0
6,1496892475,1160,20,-34,88,-44,2,0,0
6,1496892476,1161,1,-38,84,-40,2,0,0
6,1496892476,1161,2,-36,82,-44,2,4,0
6,1496892476,1161,3,-34,86,-44,2,-4,6
6,1496892476,1161,4,-34,88,-46,2,0,6
6,1496892476,1161,5,-34,88,-42,2,-4,6
6,1496892476,1161,6,-38,86,-42,2,0,0
6,1496892476,1161,7,-36,90,-42,2,-10,2
6,1496892476,1161,8,-32,90,-42,2,12,6
6,1496892476,1161,9,-32,92,-42,2,0,0
6,1496892476,1161,10,-38,82,-40,0,8,0
6,1496892476,1161,11,-34,86,-42,0,10,6
6,1496892476,1161,12,-32,96,-40,0,20,16
6,1496892476,1161,13,-30,84,-42,0,8,-14
6,1496892476,1161,14,-34,90,-44,0,18,-18
6,1496892476,1161,15,-32,82,-38,0,0,0
6,1496892476,1161,16,-36,88,-36,0,4,-6
6,1496892476,1161,17,-34,84,-38,0,2,0
6,1496892476,1161,18,-34,86,-36,0,-2,0
6,1496892476,1161,19,-34,92,-38,0,6,-2
6,1496892476,1161,20,-34,88,-38,0,-4,-4
6,1496892477,1162,1,-36,90,-38,0,6,-2
6,1496892477,1162,2,-32,90,-40,0,4,-2
6,1496892477,1162,3,-36,86,-38,0,10,-2
6,1496892477,1162,4,-32,84,-42,0,2,-2
6,1496892477,1162,5,-36,86,-38,0,0,0
6,1496892477,1162,6,-32,88,-34,0,16,-4
6,1496892477,1162,7,-34,86,-36,0,8,0
6,1496892477,1162,8,-36,88,-36,0,10,4
6,1496892477,1162,9,-34,90,-34,0,10,4
6,1496892477,1162,10,-24,84,-48,0,22,2
6,1496892477,1162,11,-30,92,-38,0,2,6
6,1496892477,1162,12,-34,92,-34,0,-2,2
6,1496892477,1162,13,-32,92,-36,0,0,0
6,1496892477,1162,14,-32,94,-36,0,-22,0
6,1496892477,1162,15,-34,92,-34,0,0,4
6,1496892477,1162,16,-34,90,-34,0,-24,0
6,1496892477,1162,17,-32,90,-38,0,-24,20
6,1496892477,1162,18,-32,92,-38,0,-8,-2
6,1496892477,1162,19,-36,88,-38,0,-14,10
6,1496892477,1162,20,-34,88,-38,0,0,-4
6,1496892478,1163,1,-30,90,-36,0,-12,6
6,1496892478,1163,2,-36,88,-36,0,-2,4
6,1496892478,1163,3,-32,84,-38,0,-10,-4
6,1496892478,1163,4,-36,84,-36,0,28,-6
6,1496892478,1163,5,-30,94,-42,0,22,-14
6,1496892478,1163,6,-32,90,-36,0,0,-16
6,1496892478,1163,7,-36,90,-40,0,4,-4
6,1496892478,1163,8,-40,92,-38,0,-2,-2
6,1496892478,1163,9,-38,90,-40,2,-12,-12
6,1496892478,1163,10,-40,90,-44,2,0,-8
6,1496892478,1163,11,-38,88,-40,2,0,-4
6,1496892478,1163,12,-42,84,-40,2,-16,4
6,1496892478,1163,13,-42,84,-36,2,8,2
6,1496892478,1163,14,-40,86,-34,2,0,2
6,1496892478,1163,15,-42,88,-38,2,6,6
6,1496892478,1163,16,-38,88,-42,2,6,4
6,1496892478,1163,17,-38,86,-42,2,-4,4
6,1496892478,1163,18,-42,86,-36,2,10,0
6,1496892478,1163,19,-38,86,-40,2,-2,2
6,1496892478,1163,20,-40,86,-36,2,2,2
6,1496892479,1164,1,-40,86,-38,2,0,0
6,1496892479,1164,2,-40,86,-38,2,2,2
6,1496892479,1164,3,-38,90,-40,2,2,0
6,1496892479,1164,4,-38,84,-38,2,0,6
6,1496892479,1164,5,-38,86,-40,2,2,4
6,1496892479,1164,6,-38,84,-38,2,-2,4
6,1496892479,1164,7,-38,84,-40,2,8,4
6,1496892479,1164,8,-36,86,-40,2,-8,4
6,1496892479,1164,9,-38,90,-38,2,2,-2
6,1496892479,1164,10,-38,88,-38,2,-4,4
6,1496892479,1164,11,-38,88,-40,2,2,-2
6,1496892479,1164,12,-38,88,-40,2,0,0
6,1496892479,1164,13,-38,86,-40,2,4,-2
6,1496892479,1164,14,-36,86,-44,2,-4,0
6,1496892479,1164,15,-38,86,-36,2,6,6
6,1496892479,1164,16,-36,84,-42,2,-2,0
6,1496892479,1164,17,-38,86,-36,2,-2,0
6,1496892479,1164,18,-38,86,-40,2,2,4
6,1496892479,1164,19,-38,86,-38,2,0,0
6,1496892479,1164,20,-38,90,-42,2,2,0
6,1496892480,1165,1,-40,88,-38,2,0,0
6,1496892480,1165,2,-38,86,-40,2,4,-2
6,1496892480,1165,3,-36,84,-42,2,-14,8
6,1496892480,1165,4,-36,90,-42,2,-4,2
6,1496892480,1165,5,-38,98,-44,2,-2,4
6,1496892480,1165,6,-34,88,-30,0,20,22
6,1496892480,1165,7,-36,80,-38,0,2,0
6,1496892480,1165,8,-40,88,-34,0,12,-20
6,1496892480,1165,9,-32,86,-36,0,0,4
6,1496892480,1165,10,-38,84,-34,0,-2,2
6,1496892480,1165,11,-36,90,-38,0,10,-2
6,1496892480,1165,12,-36,84,-34,0,-4,-2
6,1496892480,1165,13,-36,90,-40,0,14,-4
6,1496892480,1165,14,-34,88,-42,0,0,-8
6,1496892480,1165,15,-40,86,-36,0,6,-10
6,1496892480,1165,16,-36,86,-42,0,10,-2
6,1496892480,1165,17,-42,86,-36,0,-2,-6
6,1496892480,1165,18,-38,84,-42,0,12,0
6,1496892480,1165,19,-38,82,-44,0,-2,-2
6,1496892480,1165,20,-38,86,-42,0,4,-4
6,1496892481,1166,1,-36,86,-44,0,-4,-4
6,1496892481,1166,2,-42,82,-40,0,4,0
6,1496892481,1166,3,-38,86,-44,0,-2,0
6,1496892481,1166,4,-42,84,-38,0,-4,0
6,1496892481,1166,5,-40,84,-42,0,4,-2
6,1496892481,1166,6,-40,82,-42,0,-10,-6
6,1496892481,1166,7,-42,82,-40,0,-18,-22
6,1496892481,1166,8,-42,84,-38,0,-24,-2
6,1496892481,1166,9,-46,86,-38,0,-12,4
6,1496892481,1166,10,-46,82,-36,0,2,2
6,1496892481,1166,11,-44,84,-38,0,-2,4
6,1496892481,1166,12,-46,84,-38,0,0,-2
6,1496892481,1166,13,-46,82,-38,0,-8,0
6,1496892481,1166,14,-46,82,-36,0,0,-6
6,1496892481,1166,15,-46,80,-34,0,2,-2
6,1496892481,1166,16,-48,74,-32,0,-16,16
6,1496892481,1166,17,-42,90,-48,0,-6,32
6,1496892481,1166,18,-42,86,-38,0,4,-6
6,1496892481,1166,19,-48,84,-32,0,-56,-38
6,1496892481,1166,20,-52,88,-32,0,0,0
6,1496892482,1167,1,-46,78,-36,0,-18,-8
6,1496892482,1167,2,-52,82,-30,2,-2,-8
6,1496892482,1167,3,-48,86,-42,2,-6,12
6,1496892482,1167,4,-50,80,-36,2,-2,-8
6,1496892482,1167,5,-48,82,-36,2,-6,0
6,1496892482,1167,6,-48,82,-32,2,10,4
6,1496892482,1167,7,-46,80,-32,2,12,-2
6,1496892482,1167,8,-48,82,-38,2,-2,8
6,1496892482,1167,9,-48,82,-36,2,2,0
6,1496892482,1167,10,-48,82,-34,2,0,0
6,1496892482,1167,11,-48,80,-32,2,-4,4
6,1496892482,1167,12,-48,84,-34,2,6,4
6,1496892482,1167,13,-50,80,-34,2,-8,-4
6,1496892482,1167,14,-50,86,-32,2,14,-8
6,1496892482,1167,15,-48,84,-36,2,0,4
6,1496892482,1167,16,-50,82,-32,2,2,2
6,1496892482,1167,17,-48,82,-34,2,0,4
6,1496892482,1167,18,-48,80,-32,2,0,4
6,1496892482,1167,19,-48,84,-34,2,0,2
6,1496892482,1167,20,-50,82,-32,2,2,4
6,1496892482,1168,1,-46,84,-36,2,-4,0
6,1496892482,1168,2,-48,86,-34,2,-4,0
6,1496892482,1168,3,-48,84,-34,2,0,4
6,1496892482,1168,4,-50,82,-30,2,-2,0
6,1496892482,1168,5,-46,82,-34,2,2,0
6,1496892482,1168,6,-48,84,-32,2,2,0
6,1496892482,1168,7,-48,84,-32,2,-2,-2
6,1496892482,1168,8,-50,82,-32,2,2,2
6,1496892482,1168,9,-48,86,-34,2,4,0
6,1496892482,1168,10,-50,84,-32,2,-4,0
6,1496892482,1168,11,-50,82,-34,2,6,0
6,1496892482,1168,12,-48,82,-32,2,-4,0
6,1496892482,1168,13,-48,82,-30,2,4,0
6,1496892482,1168,14,-48,82,-34,2,-4,2
6,1496892482,1168,15,-48,84,-32,2,4,4
6,1496892482,1168,16,-48,84,-32,2,-4,2
6,1496892482,1168,17,-50,84,-32,2,2,0
6,1496892482,1168,18,-46,84,-32,2,-8,0
6,1496892482,1168,19,-50,84,-30,2,4,2
6,1496892482,1168,20,-48,126,-32,0,10,4
6,1496892483,1169,1,-56,70,-26,0,70,0
6,1496892483,1169,2,-42,86,-24,0,56,0
6,1496892483,1169,3,-46,78,-26,0,-6,0
6,1496892483,1169,4,-44,78,-36,0,20,0
6,1496892483,1169,5,-44,84,-32,0,4,8
6,1496892483,1169,6,-46,88,-30,0,0,2
6,1496892483,1169,7,-44,88,-34,0,0,-2
6,1496892483,1169,8,-48,80,-30,0,0,6
6,1496892483,1169,9,-44,84,-34,0,2,-4
6,1496892483,1169,10,-46,84,-34,0,-2,0
6,1496892483,1169,11,-44,84,-34,0,4,4
6,1496892483,1169,12,-48,86,-36,0,-14,2
6,1496892483,1169,13,-48,86,-32,0,0,0
6,1496892483,1169,14,-48,86,-32,0,-4,6
6,1496892483,1169,15,-46,80,-36,0,0,0
6,1496892483,1169,16,-44,82,-38,0,0,6
6,1496892483,1169,17,-46,86,-36,0,0,0
6,1496892483,1169,18,-44,86,-38,0,-4,2
6,1496892483,1169,19,-46,84,-32,0,-12,0
6,1496892483,1169,20,-42,82,-32,0,0,2
6,1496892484,1170,1,-46,84,-30,0,-8,2
6,1496892484,1170,2,-46,84,-34,0,4,-8
6,1496892484,1170,3,-48,82,-36,0,0,16
6,1496892484,1170,4,-44,84,-40,0,22,6
6,1496892484,1170,5,-44,82,-44,0,-14,-2
6,1496892484,1170,6,-46,84,-36,0,4,10
6,1496892484,1170,7,-42,86,-42,0,-10,-2
6,1496892484,1170,8,-48,80,-30,0,-6,-6
6,1496892484,1170,9,-44,86,-38,0,0,-2
6,1496892484,1170,10,-48,90,-36,0,4,-4
6,1496892484,1170,11,-50,84,-42,0,-2,-14
6,1496892484,1170,12,-50,78,-44,0,4,-14
6,1496892484,1170,13,-48,72,-44,0,-12,-6
6,1496892484,1170,14,-52,80,-44,0,0,-16
6,1496892484,1170,15,-48,76,-48,2,-20,-12
6,1496892484,1170,16,-54,78,-46,2,8,-6
6,1496892484,1170,17,-54,78,-40,2,-10,0
6,1496892484,1170,18,-56,78,-38,2,0,0
6,1496892484,1170,19,-54,78,-44,2,4,0
6,1496892484,1170,20,-54,76,-42,2,4,0
6,1496892485,1171,1,-50,76,-48,2,-2,-2
6,1496892485,1171,2,-54,76,-44,2,4,4
6,1496892485,1171,3,-54,76,-42,2,0,0
6,1496892485,1171,4,-54,78,-42,2,0,4
6,1496892485,1171,5,-56,76,-40,2,0,0
6,1496892485,1171,6,-52,80,-42,2,-2,0
6,1496892485,1171,7,-54,78,-42,2,2,0
6,1496892485,1171,8,-54,78,-42,2,-2,0
6,1496892485,1171,9,-56,76,-40,2,4,0
6,1496892485,1171,10,-54,76,-40,2,2,4
6,1496892485,1171,11,-52,78,-44,2,16,0
6,1496892485,1171,12,-52,78,-42,2,-4,0
6,1496892485,1171,13,-54,76,-42,2,0,-4
6,1496892485,1171,14,-54,74,-40,2,0,0
6,1496892485,1171,15,-54,76,-40,2,0,0
6,1496892485,1171,16,-52,78,-42,2,0,0
6,1496892485,1171,17,-54,78,-42,2,0,2
6,1496892485,1171,18,-54,80,-42,2,-4,-2
6,1496892485,1171,19,-54,76,-40,2,6,2
6,1496892485,1171,20,-52,76,-42,2,0,2
6,1496892486,1172,1,-52,76,-44,2,2,0
6,1496892486,1172,2,-54,78,-42,2,0,4
6,1496892486,1172,3,-54,76,-42,2,0,-2
6,1496892486,1172,4,-54,78,-40,2,-4,2
6,1496892486,1172,5,-54,76,-40,2,4,0
6,1496892486,1172,6,-52,78,-42,2,-4,2
6,1496892486,1172,7,-54,84,-42,2,4,4
6,1496892486,1172,8,-54,78,-36,0,4,-2
6,1496892486,1172,9,-52,84,-44,0,20,6
6,1496892486,1172,10,-62,76,-46,0,30,50
6,1496892486,1172,11,-48,80,-42,0,14,0
6,1496892486,1172,12,-46,80,-46,0,18,8
6,1496892486,1172,13,-46,76,-40,0,6,-4
6,1496892486,1172,14,-48,78,-46,0,6,0
6,1496892486,1172,15,-50,76,-40,0,10,2
6,1496892486,1172,16,-48,82,-46,0,0,-6
6,1496892486,1172,17,-52,70,-40,0,0,0
6,1496892486,1172,18,-48,78,-48,0,2,-6
6,1496892486,1172,19,-48,78,-50,0,0,0
6,1496892486,1172,20,-50,76,-50,0,0,-4
6,1496892487,1173,1,-52,76,-48,0,0,-4
6,1496892487,1173,2,-52,76,-48,0,2,0
6,1496892487,1173,3,-50,76,-48,0,8,-6
6,1496892487,1173,4,-50,74,-48,0,0,-2
6,1496892487,1173,5,-50,80,-48,0,4,6
6,1496892487,1173,6,-48,76,-50,0,-4,4
6,1496892487,1173,7,-50,68,-48,0,-8,-6
6,1496892487,1173,8,-52,78,-48,0,4,0
6,1496892487,1173,9,-52,78,-50,0,0,4
6,1496892487,1173,10,-52,70,-48,0,-8,0
6,1496892487,1173,11,-50,74,-48,0,-20,-2
6,1496892487,1173,12,-54,70,-48,0,0,12
6,1496892487,1173,13,-52,74,-50,0,-2,0
6,1496892487,1173,14,-52,76,-46,0,-8,4
6,1496892487,1173,15,-50,74,-48,0,10,0
6,1496892487,1173,16,-52,74,-52,0,-6,-4
6,1496892487,1173,17,-54,70,-46,0,6,-16
6,1496892487,1173,18,-46,82,-54,0,2,8
6,1496892487,1173,19,-56,72,-44,0,-4,0
6,1496892487,1173,20,-50,78,-48,0,0,-8
6,1496892488,1174,1,-56,76,-42,0,-12,6
6,1496892488,1174,2,-54,70,-46,0,2,-4
6,1496892488,1174,3,-54,74,-44,0,0,6
6,1496892488,1174,4,-54,78,-46,0,2,2
6,1496892488,1174,5,-56,66,-46,0,4,-2
6,1496892488,1174,6,-52,76,-48,0,8,0
6,1496892488,1174,7,-50,76,-46,0,-4,4
6,1496892488,1174,8,-52,72,-46,0,2,0
6,1496892488,1174,9,-52,74,-50,0,0,10
6,1496892488,1174,10,-52,76,-44,0,0,0
6,1496892488,1174,11,-54,76,-42,0,4,2
6,1496892488,1174,12,-54,76,-44,0,0,0
6,1496892488,1174,13,-54,74,-44,0,0,2
6,1496892488,1174,14,-54,74,-44,0,6,0
6,1496892488,1174,15,-52,78,-48,0,-2,-6
6,1496892488,1174,16,-54,76,-46,0,-2,2
6,1496892488,1174,17,-52,72,-44,0,0,0
6,1496892488,1174,18,-54,74,-44,0,-4,0
6,1496892488,1174,19,-54,74,-46,0,2,4
6,1496892488,1174,20,-52,78,-48,0,0,2
6,1496892489,1175,1,-52,72,-44,0,0,0
6,1496892489,1175,2,-52,76,-46,0,0,2
6,1496892489,1175,3,-54,76,-46,0,2,2
6,1496892489,1175,4,-54,78,-44,0,0,0
6,1496892489,1175,5,-54,76,-46,0,2,0
6,1496892489,1175,6,-54,76,-48,0,0,0
6,1496892489,1175,7,-54,78,-48,0,0,0
6,1496892489,1175,8,-52,72,-48,0,0,0
6,1496892489,1175,9,-52,74,-48,0,-4,-2
6,1496892489,1175,10,-54,68,-46,0,0,0
6,1496892489,1175,11,-54,74,-50,0,-8,-2
6,1496892489,1175,12,-56,72,-46,0,-6,4
6,1496892489,1175,13,-56,72,-44,0,-4,4
6,1496892489,1175,14,-54,76,-44,0,-8,0
6,1496892489,1175,15,-56,72,-42,0,-4,0
6,1496892489,1175,16,-56,72,-44,0,12,-4
6,1496892489,1175,17,-52,76,-46,0,-4,0
6,1496892489,1175,18,-58,74,-46,0,10,-2
6,1496892489,1175,19,-52,72,-50,0,-6,2
6,1496892489,1175,20,-58,74,-44,0,12,0
6,1496892490,1176,1,-54,72,-48,0,-8,0
6,1496892490,1176,2,-58,72,-42,0,0,-2
6,1496892490,1176,3,-54,72,-46,0,-14,0
6,1496892490,1176,4,-58,74,-42,0,-2,-4
6,1496892490,1176,5,-56,72,-44,0,-6,2
6,1496892490,1176,6,-58,74,-42,0,-4,-8
6,1496892490,1176,7,-58,64,-40,2,6,0
6,1496892490,1176,8,-60,72,-42,2,-10,-4
6,1496892490,1176,9,-56,76,-42,2,8,-4
6,1496892490,1176,10,-60,70,-40,2,-6,4
6,1496892490,1176,11,-56,74,-46,2,2,0
6,1496892490,1176,12,-60,74,-42,2,-6,6
6,1496892490,1176,13,-58,74,-46,2,4,0
6,1496892490,1176,14,-60,70,-40,2,-4,0
6,1496892490,1176,15,-58,72,-42,2,8,4
6,1496892490,1176,16,-58,72,-42,2,-4,0
6,1496892490,1176,17,-58,72,-42,2,2,0
6,1496892490,1176,18,-60,74,-42,2,-2,2
6,1496892490,1176,19,-58,74,-44,2,6,0
6,1496892490,1176,20,-58,72,-44,2,-6,0
6,1496892491,1177,1,-58,72,-44,2,4,0
6,1496892491,1177,2,-58,70,-42,2,-4,2
6,1496892491,1177,3,-58,74,-44,2,4,0
6,1496892491,1177,4,-58,72,-42,2,0,2
6,1496892491,1177,5,-58,74,-44,2,6,0
6,1496892491,1177,6,-58,74,-44,2,-6,0
6,1496892491,1177,7,-58,72,-44,2,4,0
6,1496892491,1177,8,-56,70,-44,2,-4,0
6,1496892491,1177,9,-58,72,-42,2,4,0
6,1496892491,1177,10,-58,70,-44,2,0,2
6,1496892491,1177,11,-58,72,-44,2,6,0
6,1496892491,1177,12,-58,74,-44,2,-2,0
6,1496892491,1177,13,-58,72,-44,2,2,2
6,1496892491,1177,14,-60,72,-42,2,0,0
6,1496892491,1177,15,-58,72,-44,2,2,0
6,1496892491,1177,16,-58,70,-42,2,2,0
6,1496892491,1177,17,-56,74,-44,2,0,0
6,1496892491,1177,18,-58,72,-42,2,0,0
6,1496892491,1177,19,-60,72,-42,2,2,0
6,1496892491,1177,20,-60,74,-46,2,-2,2
6,1496892492,1178,1,-54,74,-48,0,2,8
6,1496892492,1178,2,-54,88,-48,0,-24,22
6,1496892492,1178,3,-64,70,-36,0,34,8
6,1496892492,1178,4,-60,68,-38,0,26,-10
6,1496892492,1178,5,-60,64,-40,0,4,6
6,1496892492,1178,6,-50,74,-44,0,12,-8
6,1496892492,1178,7,-58,74,-44,0,6,0
6,1496892492,1178,8,-56,68,-42,0,18,-8
6,1496892492,1178,9,-52,80,-44,0,-12,-6
6,1496892492,1178,10,-56,72,-42,0,12,2
6,1496892492,1178,11,-54,74,-48,0,-50,22
6,1496892492,1178,12,-56,70,-46,0,-12,0
6,1496892492,1178,13,-52,76,-46,0,-16,-4
6,1496892492,1178,14,-60,70,-42,0,-8,-2
6,1496892492,1178,15,-58,72,-44,0,-2,0
6,1496892492,1178,16,-58,72,-44,0,-4,-6
6,1496892492,1178,17,-60,68,-44,0,0,-18
6,1496892492,1178,18,-60,70,-42,0,2,-14
6,1496892492,1178,19,-60,68,-46,0,-4,2
6,1496892492,1178,20,-62,72,-42,0,-12,-4
6,1496892493,1179,1,-64,68,-38,2,0,2
6,1496892493,1179,2,-62,72,-40,2,-2,2
6,1496892493,1179,3,-62,72,-42,2,0,0
6,1496892493,1179,4,-62,66,-40,2,4,6
6,1496892493,1179,5,-62,72,-42,2,0,0
6,1496892493,1179,6,-62,68,-44,2,4,2
6,1496892493,1179,7,-62,68,-40,2,-2,2
6,1496892493,1179,8,-62,72,-40,2,2,6
6,1496892493,1179,9,-62,70,-42,2,2,2
6,1496892493,1179,10,-62,70,-42,2,0,2
6,1496892493,1179,11,-60,70,-42,2,0,-4
6,1496892493,1179,12,-62,70,-42,2,-2,2
6,1496892493,1179,13,-62,70,-40,2,2,0
6,1496892493,1179,14,-60,72,-42,2,-4,0
6,1496892493,1179,15,-62,70,-42,2,6,0
6,1496892493,1179,16,-60,70,-42,2,0,2
6,1496892493,1179,17,-60,72,-42,2,2,0
6,1496892493,1179,18,-62,70,-42,2,0,2
6,1496892493,1179,19,-60,72,-42,2,4,0
6,1496892493,1179,20,-62,70,-42,2,-2,0
6,1496892494,1180,1,-62,70,-42,2,0,2
6,1496892494,1180,2,-60,70,-42,2,0,2
6,1496892494,1180,3,-62,66,-40,2,0,0
6,1496892494,1180,4,-60,72,-42,2,2,0
6,1496892494,1180,5,-62,72,-40,2,0,0
6,1496892494,1180,6,-60,70,-42,2,2,0
6,1496892494,1180,7,-62,70,-42,2,-2,0
6,1496892494,1180,8,-62,70,-42,2,2,2
6,1496892494,1180,9,-62,70,-42,2,-4,0
6,1496892494,1180,10,-60,70,-42,2,2,0
6,1496892494,1180,11,-60,70,-42,2,0,2
6,1496892494,1180,12,-62,70,-42,2,0,0
6,1496892494,1180,13,-62,68,-40,2,0,4
6,1496892494,1180,14,-62,68,-40,2,0,0
6,1496892494,1180,15,-60,74,-42,2,-2,4
6,1496892494,1180,16,-62,72,-42,2,10,6
6,1496892494,1180,17,-58,74,-42,0,6,4
6,1496892494,1180,18,-64,78,-40,0,0,12
6,1496892494,1180,19,-60,74,-40,0,22,16
6,1496892494,1180,20,-60,62,-46,0,-8,-4
6,1496892495,1181,1,-62,74,-40,0,0,-8
6,1496892495,1181,2,-60,76,-38,0,6,0
6,1496892495,1181,3,-62,72,-36,0,12,0
6,1496892495,1181,4,-56,74,-38,0,0,0
6,1496892495,1181,5,-56,76,-42,0,2,0
6,1496892495,1181,6,-58,72,-40,0,6,4
6,1496892495,1181,7,-58,72,-38,0,-4,8
6,1496892495,1181,8,-58,76,-38,0,6,-2
6,1496892495,1181,9,-58,64,-38,0,-8,-10
6,1496892495,1181,10,-60,74,-38,0,-18,-20
6,1496892495,1181,11,-58,78,-44,0,-28,-8
6,1496892495,1181,12,-62,72,-42,0,2,0
6,1496892495,1181,13,-60,72,-42,0,-20,-4
6,1496892495,1181,14,-66,68,-38,0,0,2
6,1496892495,1181,15,-64,68,-38,0,-8,0
6,1496892495,1181,16,-64,68,-38,0,0,0
6,1496892495,1181,17,-62,70,-40,0,0,4
6,1496892495,1181,18,-64,68,-36,0,0,0
6,1496892495,1181,19,-62,70,-42,2,-2,0
6,1496892495,1181,20,-64,70,-40,2,2,2
6,1496892496,1182,1,-64,68,-40,2,-14,-8
6,1496892496,1182,2,-64,70,-36,2,4,2
6,1496892496,1182,3,-64,74,-38,2,0,2
6,1496892496,1182,4,-66,68,-36,2,2,0
6,1496892496,1182,5,-64,72,-36,2,0,2
6,1496892496,1182,6,-64,72,-38,2,4,2
6,1496892496,1182,7,-62,70,-38,2,6,4
6,1496892496,1182,8,-64,72,-38,2,0,2
6,1496892496,1182,9,-62,70,-40,2,2,0
6,1496892496,1182,10,-64,70,-36,2,0,2
6,1496892496,1182,11,-62,72,-38,2,2,2
6,1496892496,1182,12,-64,70,-36,2,0,2
6,1496892496,1182,13,-64,70,-36,2,-2,0
6,1496892496,1182,14,-64,70,-38,2,0,0
6,1496892496,1182,15,-62,70,-38,2,0,0
6,1496892496,1182,16,-64,70,-36,2,-2,2
6,1496892496,1182,17,-62,72,-38,2,2,0
6,1496892496,1182,18,-64,72,-38,2,-4,0
6,1496892496,1182,19,-64,70,-38,2,2,0
6,1496892496,1182,20,-62,68,-40,2,2,2
6,1496892497,1183,1,-62,68,-40,2,2,2
6,1496892497,1183,2,-62,70,-38,2,4,2
6,1496892497,1183,3,-62,72,-40,2,0,2
6,1496892497,1183,4,-64,72,-38,2,0,0
6,1496892497,1183,5,-62,70,-38,2,-2,0
6,1496892497,1183,6,-62,70,-38,2,2,0
6,1496892497,1183,7,-62,70,-36,2,-2,2
6,1496892497,1183,8,-64,70,-36,2,2,0
6,1496892497,1183,9,-62,72,-40,2,0,2
6,1496892497,1183,10,-64,70,-38,2,0,0
6,1496892497,1183,11,-62,70,-38,2,-2,0
6,1496892497,1183,12,-64,68,-38,2,4,2
6,1496892497,1183,13,-62,72,-40,2,0,10
6,1496892497,1183,14,-62,72,-40,2,8,10
6,1496892497,1183,15,-60,74,-42,0,0,8
6,1496892497,1183,16,-64,76,-36,0,8,8
6,1496892497,1183,17,-54,74,-44,0,6,6
6,1496892497,1183,18,-62,70,-44,0,-8,-22
6,1496892497,1183,19,-64,70,-38,0,2,4
6,1496892497,1183,20,-60,70,-38,0,4,4
6,1496892496,1184,1,-62,74,-36,0,6,-2
6,1496892496,1184,2,-58,76,-38,0,6,2
6,1496892496,1184,3,-62,76,-38,0,2,-4
6,1496892496,1184,4,-60,70,-40,0,8,-6
6,1496892496,1184,5,-58,72,-38,0,-10,6
6,1496892496,1184,6,-62,72,-36,0,4,-2
6,1496892496,1184,7,-60,64,-36,0,-6,10
6,1496892496,1184,8,-62,72,-36,0,-20,-20
6,1496892496,1184,9,-58,74,-38,0,-26,-8
6,1496892496,1184,10,-60,78,-42,0,-4,0
6,1496892496,1184,11,-64,72,-40,0,-12,0
6,1496892496,1184,12,-66,70,-38,0,-2,-10
6,1496892496,1184,13,-66,64,-36,0,-4,-2
6,1496892496,1184,14,-64,68,-40,2,4,-8
6,1496892496,1184,15,-64,66,-42,2,-10,6
6,1496892496,1184,16,-62,72,-40,2,4,8
6,1496892496,1184,17,-66,74,-36,2,-6,8
6,1496892496,1184,18,-66,70,-34,2,4,0
6,1496892496,1184,19,-64,70,-36,2,4,2
6,1496892496,1184,20,-62,70,-40,2,6,2
6,1496892497,1185,1,-64,68,-38,2,0,2
6,1496892497,1185,2,-64,70,-38,2,4,4
6,1496892497,1185,3,-62,72,-40,2,0,4
6,1496892497,1185,4,-64,72,-36,2,2,2
6,1496892497,1185,5,-64,70,-36,2,0,0
6,1496892497,1185,6,-64,68,-34,2,0,2
6,1496892497,1185,7,-64,72,-38,2,0,0
6,1496892497,1185,8,-66,70,-36,2,4,0
6,1496892497,1185,9,-64,70,-40,2,-4,-2
6,1496892497,1185,10,-64,70,-36,2,2,0
6,1496892497,1185,11,-62,68,-38,2,0,0
6,1496892497,1185,12,-64,70,-38,2,-2,0
6,1496892497,1185,13,-66,70,-36,2,2,2
6,1496892497,1185,14,-64,72,-36,2,0,0
6,1496892497,1185,15,-64,70,-40,2,0,0
6,1496892497,1185,16,-64,68,-36,2,0,0
6,1496892497,1185,17,-64,72,-38,2,0,2
6,1496892497,1185,18,-64,68,-38,2,2,2
6,1496892497,1185,19,-64,70,-34,2,0,0
6,1496892497,1185,20,-64,70,-36,2,2,2
6,1496892498,1186,1,-64,70,-38,2,0,0
6,1496892498,1186,2,-64,72,-40,2,0,0
6,1496892498,1186,3,-64,68,-38,2,0,0
6,1496892498,1186,4,-64,70,-38,2,0,0
6,1496892498,1186,5,-64,72,-36,2,6,2
6,1496892498,1186,6,-64,70,-36,2,2,4
6,1496892498,1186,7,-64,70,-36,0,4,2
6,1496892498,1186,8,-62,70,-38,0,2,4
6,1496892498,1186,9,-62,72,-38,0,0,0
6,1496892498,1186,10,-64,70,-38,0,0,2
6,1496892498,1186,11,-62,72,-38,0,4,2
6,1496892498,1186,12,-62,72,-38,0,2,4
6,1496892498,1186,13,-62,72,-36,0,12,6
6,1496892498,1186,14,-62,72,-38,0,12,10
6,1496892498,1186,15,-62,68,-38,0,8,2
6,1496892498,1186,16,-58,74,-40,0,0,0
6,1496892498,1186,17,-60,76,-38,0,6,6
6,1496892498,1186,18,-62,72,-36,0,8,0
6,1496892498,1186,19,-60,74,-36,0,14,-2
6,1496892498,1186,20,-58,70,-40,0,8,2
6,1496892499,1187,1,-58,74,-40,0,2,-2
6,1496892499,1187,2,-60,72,-38,0,0,2
6,1496892499,1187,3,-60,70,-38,0,0,0
6,1496892499,1187,4,-56,72,-40,0,-8,0
6,1496892499,1187,5,-60,76,-36,0,-6,-2
6,1496892499,1187,6,-62,70,-36,0,-8,-6
6,1496892499,1187,7,-60,74,-38,0,-16,-6
6,1496892499,1187,8,-60,74,-38,0,-12,-4
6,1496892499,1187,9,-62,72,-40,0,-10,-6
6,1496892499,1187,10,-66,70,-34,0,-8,-2
6,1496892499,1187,11,-60,70,-38,0,4,2
6,1496892499,1187,12,-62,74,-40,0,-10,-6
6,1496892499,1187,13,-62,72,-42,2,0,0
6,1496892499,1187,14,-68,70,-36,2,-2,-4
6,1496892499,1187,15,-66,70,-38,2,0,-2
6,1496892499,1187,16,-66,66,-36,2,0,6
6,1496892499,1187,17,-64,68,-36,2,2,4
6,1496892499,1187,18,-64,70,-36,2,2,8
6,1496892499,1187,19,-62,72,-38,2,8,8
6,1496892499,1187,20,-62,72,-40,2,0,0
6,1496892500,1188,1,-64,70,-38,2,0,2
6,1496892500,1188,2,-64,70,-34,2,0,2
6,1496892500,1188,3,-62,70,-36,2,0,0
6,1496892500,1188,4,-64,70,-36,2,0,4
6,1496892500,1188,5,-64,72,-38,2,0,-2
6,1496892500,1188,6,-64,70,-36,2,-2,2
6,1496892500,1188,7,-64,72,-38,2,6,0
6,1496892500,1188,8,-62,72,-38,2,-2,0
6,1496892500,1188,9,-62,70,-38,2,2,2
6,1496892500,1188,10,-62,70,-36,2,0,0
6,1496892500,1188,11,-62,72,-38,2,4,2
6,1496892500,1188,12,-64,72,-38,2,0,2
6,1496892500,1188,13,-64,70,-36,2,2,2
6,1496892500,1188,14,-62,70,-38,2,0,0
6,1496892500,1188,15,-62,72,-36,2,0,0
6,1496892500,1188,16,-62,72,-36,2,0,2
6,1496892500,1188,17,-64,72,-36,2,0,0
6,1496892500,1188,18,-64,68,-38,2,0,2
6,1496892500,1188,19,-62,72,-38,2,4,0
6,1496892500,1188,20,-62,70,-40,2,-2,0
6,1496892501,1189,1,-64,70,-34,2,0,0
6,1496892501,1189,2,-62,72,-36,2,-2,0
6,1496892501,1189,3,-64,70,-36,2,2,0
6,1496892501,1189,4,-62,72,-38,2,0,4
6,1496892501,1189,5,-64,72,-38,2,2,0
6,1496892501,1189,6,-62,70,-38,2,-4,0
6,1496892501,1189,7,-62,72,-38,2,4,2
6,1496892501,1189,8,-62,70,-38,0,0,4
6,1496892501,1189,9,-64,74,-36,0,4,8
6,1496892501,1189,10,-60,74,-38,0,6,12
6,1496892501,1189,11,-64,70,-36,0,20,12
6,1496892501,1189,12,-58,78,-38,0,0,14
6,1496892501,1189,13,-60,74,-34,0,6,4
6,1496892501,1189,14,-58,72,-36,0,4,4
6,1496892501,1189,15,-60,78,-34,0,0,0
6,1496892501,1189,16,-60,76,-32,0,4,0
6,1496892501,1189,17,-60,76,-36,0,0,-2
6,1496892501,1189,18,-60,76,-36,0,10,-6
6,1496892501,1189,19,-58,72,-38,0,0,2
6,1496892501,1189,20,-58,74,-34,0,4,0
6,1496892502,1190,1,-56,74,-38,0,6,4
6,1496892502,1190,2,-60,76,-36,0,-10,2
6,1496892502,1190,3,-58,78,-36,0,16,2
6,1496892502,1190,4,-56,74,-34,0,8,2
6,1496892502,1190,5,-62,76,-34,0,22,-4
6,1496892502,1190,6,-56,76,-36,0,28,-6
6,1496892502,1190,7,-56,74,-36,0,16,0
6,1496892502,1190,8,-56,74,-38,0,24,-8
6,1496892502,1190,9,-56,76,-36,0,12,4
6,1496892502,1190,10,-58,74,-34,0,12,0
6,1496892502,1190,11,-58,78,-34,0,12,2
6,1496892502,1190,12,-56,76,-32,0,8,14
6,1496892502,1190,13,-54,84,-34,0,-8,20
6,1496892502,1190,14,-52,76,-28,0,-10,42
6,1496892502,1190,15,-42,82,-42,0,-46,66
6,1496892502,1190,16,-46,82,-42,0,-54,64
6,1496892502,1190,17,-42,84,-38,0,-36,58
6,1496892502,1190,18,-46,84,-42,0,-20,40
6,1496892502,1190,19,-42,78,-36,0,16,34
6,1496892502,1190,20,-36,88,-46,0,32,12
6,1496892503,1191,1,-30,96,-38,0,20,34
6,1496892503,1191,2,-34,82,-52,0,8,46
6,1496892503,1191,3,-28,90,-48,0,62,44
6,1496892503,1191,4,-22,78,-52,0,46,44
6,1496892503,1191,5,-6,80,-54,0,44,16
6,1496892503,1191,6,-4,82,-54,0,26,-6
6,1496892503,1191,7,-24,86,-50,0,-28,14
6,1496892503,1191,8,-10,100,-38,0,-46,-14
6,1496892503,1191,9,-30,98,16,0,-30,56
6,1496892503,1191,10,-18,106,-12,0,-56,34
6,1496892503,1191,11,-16,102,-26,0,-68,50
6,1496892503,1191,12,-18,92,-30,0,-32,-12
6,1496892503,1191,13,-10,82,-32,0,-36,-52
6,1496892503,1191,14,0,94,-38,0,26,-4
6,1496892503,1191,15,-18,98,-14,0,18,-10
6,1496892503,1191,16,-10,92,-18,0,20,-10
6,1496892503,1191,17,-12,110,-20,0,2,6
6,1496892503,1191,18,-36,130,4,0,58,-30
6,1496892503,1191,19,-26,116,-14,0,60,0
6,1496892503,1191,20,-14,92,-22,0,38,32
6,1496892504,1192,1,-10,86,-20,0,30,4
6,1496892504,1192,2,-2,104,-32,0,18,16
6,1496892504,1192,3,-4,98,-36,0,10,0
6,1496892504,1192,4,-10,96,-34,0,4,0
6,1496892504,1192,5,-10,98,-30,0,6,0
6,1496892504,1192,6,-8,98,-34,0,0,0
6,1496892504,1192,7,-8,98,-34,0,2,0
6,1496892504,1192,8,-8,96,-32,0,6,0
6,1496892504,1192,9,-8,98,-30,0,2,0
6,1496892504,1192,10,-8,96,-34,0,-4,6
6,1496892504,1192,11,-8,98,-34,0,0,0
6,1496892504,1192,12,-8,98,-32,0,0,0
6,1496892504,1192,13,-8,98,-34,0,0,2
6,1496892504,1192,14,-10,94,-32,0,0,0
6,1496892504,1192,15,-10,96,-30,0,4,2
6,1496892504,1192,16,-8,98,-34,0,2,0
6,1496892504,1192,17,-8,96,-32,0,0,-2
6,1496892504,1192,18,-8,98,-36,0,0,0
6,1496892504,1192,19,-8,94,-34,0,4,0
6,1496892504,1192,20,-8,96,-32,0,0,0
6,1496892505,1193,1,-8,98,-32,0,0,0
6,1496892505,1193,2,-8,96,-34,0,4,-2
6,1496892505,1193,3,-12,96,-30,0,0,-6
6,1496892505,1193,4,-8,96,-34,0,0,-6
6,1496892505,1193,5,-10,98,-32,0,-4,-8
6,1496892505,1193,6,-14,94,-28,0,-6,-6
6,1496892505,1193,7,-12,96,-36,0,-2,0
6,1496892505,1193,8,-10,98,-34,0,2,-2
6,1496892505,1193,9,-12,98,-30,0,0,2
6,1496892505,1193,10,-12,96,-32,0,-2,2
6,1496892505,1193,11,-12,96,-34,0,0,0
6,1496892505,1193,12,-10,96,-32,0,4,0
6,1496892505,1193,13,-12,96,-32,0,0,0
6,1496892505,1193,14,-10,98,-32,0,2,0
6,1496892505,1193,15,-10,96,-34,0,0,0
6,1496892505,1193,16,-12,96,-32,0,0,2
6,1496892505,1193,17,-10,98,-34,0,2,0
6,1496892505,1193,18,-12,96,-32,0,0,0
6,1496892505,1193,19,-10,98,-32,0,0,0
6,1496892505,1193,20,-12,96,-32,0,0,0
6,1496892506,1194,1,-12,98,-32,0,0,0
6,1496892506,1194,2,-12,96,-32,0,0,2
6,1496892506,1194,3,-12,96,-32,0,0,0
6,1496892506,1194,4,-12,96,-34,0,0,0
6,1496892506,1194,5,-12,96,-34,0,0,0
6,1496892506,1194,6,-12,96,-32,0,2,0
6,1496892506,1194,7,-12,98,-34,0,0,0
6,1496892506,1194,8,-10,96,-34,0,0,0
6,1496892506,1194,9,-12,96,-32,0,0,0
6,1496892506,1194,10,-10,96,-34,0,0,0
6,1496892506,1194,11,-12,96,-34,0,0,0
6,1496892506,1194,12,-12,96,-32,0,0,0
6,1496892506,1194,13,-10,96,-34,0,0,0
6,1496892506,1194,14,-12,96,-32,0,0,0
6,1496892506,1194,15,-12,96,-32,0,0,0
6,1496892506,1194,16,-12,96,-34,0,0,0
6,1496892506,1194,17,-12,96,-34,0,0,0
6,1496892506,1194,18,-12,96,-34,0,0,0
6,1496892506,1194,19,-12,98,-32,0,0,0
6,1496892506,1194,20,-12,96,-32,0,0,0
6,1496892508,1195,1,-12,96,-32,0,0,0
6,1496892508,1195,2,-12,96,-32,0,0,0
6,1496892508,1195,3,-10,96,-36,0,-2,2
6,1496892508,1195,4,-10,96,-32,0,0,0
6,1496892508,1195,5,-12,96,-34,0,-2,0
6,1496892508,1195,6,-12,98,-36,0,0,0
6,1496892508,1195,7,-12,96,-32,0,4,2
6,1496892508,1195,8,-12,96,-32,0,2,0
6,1496892508,1195,9,-12,96,-34,0,0,0
6,1496892508,1195,10,-12,96,-34,0,0,0
6,1496892508,1195,11,-10,96,-36,0,0,0
6,1496892508,1195,12,-10,96,-36,0,0,0
6,1496892508,1195,13,-12,96,-34,0,0,0
6,1496892508,1195,14,-10,96,-36,0,0,0
6,1496892508,1195,15,-12,96,-34,0,2,0
6,1496892508,1195,16,-12,96,-34,0,0,0
6,1496892508,1195,17,-12,96,-34,0,0,0
6,1496892508,1195,18,-12,96,-34,0,2,0
6,1496892508,1195,19,-12,96,-34,0,0,0
6,1496892508,1195,20,-12,96,-34,0,0,0
6,1496892509,1196,1,-12,96,-34,0,0,0
6,1496892509,1196,2,-12,96,-34,0,0,0
6,1496892509,1196,3,-12,96,-34,0,0,0
6,1496892509,1196,4,-12,96,-34,0,0,0
6,1496892509,1196,5,-12,96,-36,0,2,0
6,1496892509,1196,6,-12,96,-34,0,0,0
6,1496892509,1196,7,-10,96,-36,0,0,0
6,1496892509,1196,8,-12,96,-36,0,0,0
6,1496892509,1196,9,-12,96,-34,0,0,0
6,1496892509,1196,10,-12,96,-36,0,4,0
6,1496892509,1196,11,-12,96,-36,0,-2,0
6,1496892509,1196,12,-10,96,-38,0,0,0
6,1496892509,1196,13,-12,96,-34,0,2,0
6,1496892509,1196,14,-12,94,-38,0,0,0
6,1496892509,1196,15,-12,96,-34,0,0,-2
6,1496892509,1196,16,-12,96,-38,0,-2,0
6,1496892509,1196,17,-10,96,-38,0,2,0
6,1496892509,1196,18,-14,96,-36,0,2,-2
6,1496892509,1196,19,-12,96,-36,0,0,0
6,1496892509,1196,20,-12,94,-38,0,0,0
6,1496892510,1197,1,-12,94,-36,0,0,0
6,1496892510,1197,2,-12,96,-40,0,-2,0
6,1496892510,1197,3,-14,94,-38,0,0,-4
6,1496892510,1197,4,-14,94,-40,0,0,-6
6,1496892510,1197,5,-14,96,-42,0,-6,-4
6,1496892510,1197,6,-14,96,-40,0,-4,-6
6,1496892510,1197,7,-14,94,-40,0,-2,-6
6,1496892510,1197,8,-16,94,-38,0,-4,-14
6,1496892510,1197,9,-18,92,-38,0,-6,-20
6,1496892510,1197,10,-22,94,-38,0,-2,-6
6,1496892510,1197,11,-18,94,-40,0,0,2
6,1496892510,1197,12,-20,92,-38,0,-2,-6
6,1496892510,1197,13,-20,94,-40,0,-2,-10
6,1496892510,1197,14,-20,94,-40,0,-4,-8
6,1496892510,1197,15,-22,94,-38,0,-2,-12
6,1496892510,1197,16,-24,92,-36,0,-6,-14
6,1496892510,1197,17,-24,92,-36,0,0,-8
6,1496892510,1197,18,-26,92,-36,0,-2,-8
6,1496892510,1197,19,-26,92,-34,0,-2,-8
6,1496892510,1197,20,-28,92,-34,0,-2,-4
6,1496892511,1198,1,-28,92,-32,0,0,-2
6,1496892511,1198,2,-28,94,-34,0,0,0
6,1496892511,1198,3,-28,92,-36,0,0,0
6,1496892511,1198,4,-28,92,-34,0,0,-2
6,1496892511,1198,5,-28,92,-32,0,0,-2
6,1496892511,1198,6,-28,92,-34,0,0,0
6,1496892511,1198,7,-28,92,-34,0,0,0
6,1496892511,1198,8,-28,92,-34,0,0,0
6,1496892511,1198,9,-28,92,-32,0,0,-2
6,1496892511,1198,10,-28,92,-32,0,0,0
6,1496892511,1198,11,-30,92,-32,0,0,0
6,1496892511,1198,12,-28,92,-34,0,0,0
6,1496892511,1198,13,-30,92,-32,0,0,0
6,1496892511,1198,14,-30,92,-32,0,0,0
6,1496892511,1198,15,-28,92,-32,0,0,0
6,1496892511,1198,16,-30,92,-32,0,0,0
6,1496892511,1198,17,-30,92,-30,0,0,0
6,1496892511,1198,18,-30,92,-32,0,0,0
6,1496892511,1198,19,-30,92,-32,0,0,0
6,1496892511,1198,20,-30,92,-32,0,0,0
6,1496892512,1199,1,-30,92,-32,0,0,0
6,1496892512,1199,2,-30,92,-32,0,0,0
6,1496892512,1199,3,-30,92,-32,0,0,0
6,1496892512,1199,4,-30,92,-32,0,0,-2
6,1496892512,1199,5,-32,92,-32,0,0,0
6,1496892512,1199,6,-32,92,-30,0,0,0
6,1496892512,1199,7,-30,92,-32,0,0,0
6,1496892512,1199,8,-30,92,-30,0,0,0
6,1496892512,1199,9,-30,92,-32,0,0,0
6,1496892512,1199,10,-30,92,-30,0,0,0
6,1496892512,1199,11,-30,92,-32,0,0,0
6,1496892512,1199,12,-32,92,-32,0,0,0
6,1496892512,1199,13,-32,92,-30,0,0,0
6,1496892512,1199,14,-32,92,-30,0,0,0
6,1496892512,1199,15,-32,92,-30,0,0,0
6,1496892512,1199,16,-32,92,-30,0,0,0
6,1496892512,1199,17,-30,92,-32,0,0,0
6,1496892512,1199,18,-32,92,-32,0,0,0
6,1496892512,1199,19,-30,92,-32,0,0,0
6,1496892512,1199,20,-30,92,-32,0,0,0
6,1496892512,1200,1,-30,92,-32,0,0,0
6,1496892512,1200,2,-32,92,-30,0,0,0
6,1496892512,1200,3,-30,92,-30,0,0,0
6,1496892512,1200,4,-32,92,-30,0,0,0
6,1496892512,1200,5,-32,92,-32,0,0,0
6,1496892512,1200,6,-32,92,-32,0,0,0
6,1496892512,1200,7,-32,92,-30,0,0,0
6,1496892512,1200,8,-32,92,-28,0,0,0
6,1496892512,1200,9,-30,92,-32,0,0,2
6,1496892512,1200,10,-32,92,-30,0,0,0
6,1496892512,1200,11,-32,92,-30,0,0,0
6,1496892512,1200,12,-32,90,-30,0,0,2
6,1496892512,1200,13,-32,92,-32,0,0,0
6,1496892512,1200,14,-32,92,-30,0,0,0
6,1496892512,1200,15,-32,92,-30,0,0,2
6,1496892512,1200,16,-32,92,-30,0,0,0
6,1496892512,1200,17,-32,92,-30,0,0,0
6,1496892512,1200,18,-32,92,-30,0,0,0
6,1496892512,1200,19,-32,92,-30,0,0,0
6,1496892512,1200,20,-32,92,-30,0,0,0
6,1496892513,1201,1,-32,92,-30,0,0,0
6,1496892513,1201,2,-32,92,-30,0,0,0
6,1496892513,1201,3,-32,92,-30,0,0,0
6,1496892513,1201,4,-32,92,-30,0,0,0
6,1496892513,1201,5,-32,92,-30,0,0,0
6,1496892513,1201,6,-32,92,-30,0,0,0
6,1496892513,1201,7,-32,94,-30,0,0,0
6,1496892513,1201,8,-32,92,-30,0,0,0
6,1496892513,1201,9,-32,92,-30,0,0,0
6,1496892513,1201,10,-32,90,-30,0,0,0
6,1496892513,1201,11,-32,92,-30,0,0,0
6,1496892513,1201,12,-32,92,-30,0,0,0
6,1496892513,1201,13,-34,92,-30,0,0,0
6,1496892513,1201,14,-32,92,-34,0,0,2
6,1496892513,1201,15,-34,92,-30,0,0,0
6,1496892513,1201,16,-30,92,-32,0,0,0
6,1496892513,1201,17,-32,92,-30,0,0,0
6,1496892513,1201,18,-32,92,-30,0,0,0
6,1496892513,1201,19,-32,92,-30,0,0,0
6,1496892513,1201,20,-32,92,-30,0,0,0
6,1496892514,1202,1,-32,90,-30,0,0,0
6,1496892514,1202,2,-32,92,-32,0,0,0
6,1496892514,1202,3,-32,92,-30,0,0,0
6,1496892514,1202,4,-32,92,-30,0,0,0
6,1496892514,1202,5,-32,92,-32,0,0,0
6,1496892514,1202,6,-32,92,-30,0,0,0
6,1496892514,1202,7,-32,92,-30,0,0,0
6,1496892514,1202,8,-32,92,-32,0,0,0
6,1496892514,1202,9,-32,92,-30,0,0,0
6,1496892514,1202,10,-32,92,-30,0,0,0
6,1496892514,1202,11,-34,92,-32,0,0,0
6,1496892514,1202,12,-32,90,-30,0,0,0
6,1496892514,1202,13,-32,92,-30,0,0,0
6,1496892514,1202,14,-32,90,-30,0,0,0
6,1496892514,1202,15,-32,92,-30,0,0,0
6,1496892514,1202,16,-32,92,-30,0,0,0
6,1496892514,1202,17,-32,92,-30,0,0,0
6,1496892514,1202,18,-32,92,-32,0,0,0
6,1496892514,1202,19,-32,92,-30,0,0,0
6,1496892514,1202,20,-32,92,-30,0,0,0
6,1496892515,1203,1,-32,92,-32,0,0,0
6,1496892515,1203,2,-32,92,-30,0,0,0
6,1496892515,1203,3,-34,92,-32,0,0,0
6,1496892515,1203,4,-32,92,-30,0,0,0
6,1496892515,1203,5,-32,92,-30,0,0,0
6,1496892515,1203,6,-32,92,-32,0,0,0
6,1496892515,1203,7,-32,92,-30,0,0,0
6,1496892515,1203,8,-32,92,-30,0,0,0
6,1496892515,1203,9,-32,92,-30,0,0,0
6,1496892515,1203,10,-34,92,-32,0,0,0
6,1496892515,1203,11,-32,92,-30,0,0,0
6,1496892515,1203,12,-34,92,-30,0,0,0
6,1496892515,1203,13,-32,92,-30,0,0,0
6,1496892515,1203,14,-32,92,-32,0,0,0
6,1496892515,1203,15,-34,92,-30,0,0,0
6,1496892515,1203,16,-32,92,-30,0,0,0
6,1496892515,1203,17,-32,92,-30,0,0,0
6,1496892515,1203,18,-32,92,-32,0,0,0
6,1496892515,1203,19,-34,92,-30,0,0,0
6,1496892515,1203,20,-32,92,-32,0,0,0
6,1496892516,1204,1,-32,92,-32,0,0,0
